longitude,latitude
-111.016662,32.216202
-111.004672,32.215034
-111.006799,32.221113
-111.007974,32.214257
-110.992296,32.211106
-111.002981,32.217069
-111.007509,32.226221
-111.004288,32.219194
-111.003238,32.220036
-111.004675,32.21701
-111.004361,32.209017
-111.001607,32.212618
-110.991833,32.210173
-111.014153,32.22174
-111.010444,32.216312
-111.004456,32.217167
-111.003292,32.208897
-111.01556,32.219771
-111.005109,32.215337
-111.015871,32.224732
-111.011401,32.223828
-111.004782,32.215335
-111.018955,32.217481
-111.013374,32.211228
-111.010402,32.219319
-111.014493,32.216069
-111.020787,32.229218
-111.005922,32.220656
-111.000734,32.224352
-111.004854,32.219281
-110.988452,32.209778
-111.014924,32.216828
-111.017812,32.214758
-111.001756,32.220063
-111.001635,32.220081
-111.001285,32.221843
-111.004417,32.219612
-111.017943,32.215624
-110.999655,32.216865
-111.000886,32.209575
-110.990405,32.202783
-110.98877,32.214089
-110.994503,32.210383
-111.013206,32.213857
-111.001168,32.215472
-111.001752,32.220071
-111.003643,32.218653
-111.013611,32.230126
-111.014852,32.226676
-111.004252,32.219218
-111.021987,32.209174
-111.010965,32.214013
-110.995421,32.217431
-111.011178,32.212656
-110.99872,32.212448
-111.018278,32.209867
-111.013187,32.223723
-111.005412,32.21667
-111.005144,32.223455
-111.005946,32.218173
-110.993258,32.215803
-111.003748,32.218653
-111.004306,32.219164
-111.002967,32.20812
-111.024567,32.224148
-111.010227,32.213591
-111.008194,32.214121
-111.003748,32.217207
-111.014571,32.22264
-110.989673,32.207759
-111.002907,32.217396
-111.002499,32.21701
-111.002528,32.217091
-110.990794,32.206936
-110.99856,32.22249
-111.002358,32.217088
-111.019254,32.219333
-111.005157,32.216624
-111.001424,32.224055
-111.011878,32.21819
-111.005018,32.219023
-110.995506,32.208017
-110.999558,32.217015
-111.002105,32.217823
-111.00249,32.217031
-111.002968,32.2187
-111.002936,32.218673
-111.013957,32.230856
-111.013366,32.215333
-111.018465,32.217415
-111.024938,32.224496
-111.01417,32.215166
-110.988943,32.214125
-111.015222,32.216861
-111.014308,32.216466
-111.016108,32.215034
-111.016811,32.21233
-111.01407,32.215352
-111.014244,32.216157
-111.014576,32.216006
-111.013449,32.218435
-111.015708,32.216444
-111.021886,32.208974
-111.013525,32.216215
-111.016202,32.215059
-111.016007,32.216969
-111.015812,32.216404
-111.013508,32.213189
-111.010386,32.219852
-110.996719,32.217701
-111.016099,32.215372
-111.014264,32.216039
-111.010922,32.213688
-111.010757,32.213647
-111.010609,32.213514
-111.01141,32.213868
-110.999127,32.22463
-110.990469,32.215375
-110.998655,32.214857
-111.013835,32.226227
-111.016787,32.213771
-110.989257,32.21219
-111.00052,32.225029
-110.994005,32.214658
-111.010176,32.208993
-111.003519,32.226049
-111.004427,32.215644
-111.004781,32.212252
-110.999054,32.212349
-111.023406,32.214766
-111.013726,32.226179
-111.005555,32.225667
-111.001161,32.209582
-110.99668,32.217163
-110.988903,32.208885
-111.014499,32.216058
-111.020094,32.210337
-111.014305,32.212482
-111.00205,32.219682
-110.997571,32.218657
-111.022039,32.209139
-111.014542,32.216008
-111.006123,32.228528
-111.005565,32.212443
-110.999648,32.20719
-111.016324,32.207419
-111.019968,32.214538
-111.013935,32.217776
-111.021946,32.210988
-111.009988,32.210162
-110.996869,32.217136000000004
-110.996702,32.217327
-110.997567,32.21497
-110.988366,32.210146
-111.016307,32.223724
-111.022006,32.209165
-111.004624,32.209051
-110.995567,32.220275
-111.00608,32.225037
-111.003665,32.21471
-111.0055,32.211828
-110.988386,32.209621
-110.990524,32.213841
-111.016528,32.215787
-111.019737,32.209495
-111.021736,32.214962
-111.018214,32.214354
-111.015759,32.209973
-111.008736,32.211496
-111.007335,32.213977
-111.020074,32.214399
-110.997171,32.208084
-110.990645,32.216323
-110.997936,32.221918
-110.997872,32.221908
-110.998735,32.215714
-110.996981,32.216065
-111.001044,32.217536
-111.02187,32.211035
-111.021969,32.209115
-111.019989,32.218824
-111.019484,32.220869
-111.023528,32.22314
-111.014027,32.225934
-111.006643,32.224898
-111.001948,32.22048
-111.005219,32.213423
-111.007529,32.209881
-111.011117,32.210251
-111.021242,32.208741
-110.988803,32.209753
-110.992591,32.209217
-110.989303,32.206475
-110.981913,32.215131
-110.981943,32.215178
-110.992522,32.211399
-110.990875,32.210491
-110.995738,32.220276
-111.020017,32.210873
-111.02007,32.210825
-111.019627,32.20762
-111.023064,32.223214
-110.988199,32.209896
-110.988907,32.214068
-111.007688,32.208016
-110.996486,32.21392
-111.00742,32.206409
-111.018555,32.214272
-111.002557,32.222331
-110.988332,32.209672
-110.990872,32.206906
-111.002404,32.207545
-111.009366,32.211032
-111.01667,32.208916
-111.017505,32.215736
-111.019895,32.229445
-111.005623,32.228626
-110.996423,32.217037
-110.99189200000001,32.213368
-111.013239,32.211786
-111.005,32.217494
-111.002604,32.219695
-111.021793,32.21394
-110.995266,32.207011
-110.988727,32.207571
-110.989443,32.208567
-110.996367,32.219598
-110.999115,32.225178
-110.99719,32.213623
-110.997475,32.208136
-111.012877,32.210289
-111.020088,32.216802
-110.996204,32.217251
-110.998374,32.209111
-110.990993,32.207972
-110.98903,32.214271
-110.996009,32.207633
-110.995715,32.206737
-110.996178,32.207487
-110.996022,32.207521
-111.019227,32.211953
-111.00558,32.212841
-111.001745,32.212973
-110.996674,32.217498
-110.996783,32.219599
-110.997999,32.22365
-111.024041,32.223737
-111.021306,32.211754
-111.003603,32.206775
-110.993398,32.211368
-110.998164,32.209812
-111.001421,32.219967
-111.004791,32.220752
-111.013219,32.216404
-111.006096,32.210191
-111.005447,32.211723
-111.003895,32.211904
-110.994256,32.206737
-110.990219,32.208889
-110.989504,32.214455
-110.992422,32.215245
-110.98878,32.207739
-110.992959,32.206638
-111.005416,32.2117
-111.005314,32.211649
-111.00539,32.211836
-111.005654,32.211713
-111.019636,32.210881
-111.005508,32.211709
-111.002179,32.211001
-111.002009,32.213193
-111.016246,32.213542
-111.005384,32.211713
-110.996738,32.213074
-111.00536,32.211737
-111.005259,32.211459
-111.005464,32.211848
-111.005342,32.211768
-111.005365,32.211702
-111.004782,32.211809
-111.005375,32.211761
-111.011405,32.21187
-111.005381,32.211715
-111.000137,32.213817
-111.005449,32.211678
-110.99977,32.225968
-111.005311,32.211799
-110.996738,32.210698
-110.998483,32.21148
-110.99442,32.217275
-111.020067,32.214829
-111.003602,32.221499
-111.003289,32.218851
-111.003372,32.210436
-110.997188,32.2194
-110.998741,32.208441
-111.005131,32.212491
-111.001309,32.206659
-111.013304,32.21794
-111.005708,32.212207
-110.996445,32.219542
-110.995825,32.206862
-110.996922,32.223577
-111.003512,32.209692
-110.996286,32.213378
-111.011959,32.218915
-111.014891,32.207019
-110.998175,32.221832
-110.99482,32.217468
-111.00036,32.21556
-111.020057,32.2242
-111.020051,32.216821
-110.989117,32.211426
-110.996641,32.215899
-111.005037,32.212505
-110.989683,32.212006
-111.00388,32.212055
-111.004204,32.214046
-110.998751,32.223731
-111.004255,32.214001
-110.994653,32.217948
-111.003076,32.213574
-111.019518,32.217859
-110.998812,32.210786
-110.998465,32.222531
-111.004279,32.213953
-111.004158,32.213974
-111.003953,32.2075
-111.004583,32.221748
-111.020139,32.210086
-111.00165200000001,32.212669
-111.004145,32.213973
-110.993509,32.216832
-111.004318,32.214105000000004
-110.994173,32.206413
-111.003586,32.20836
-110.99578700000001,32.217478
-111.001793,32.213254
-111.001067,32.208548
-111.004311,32.213988
-110.991651,32.213856
-111.005487,32.221367
-110.988746,32.212477
-111.004403,32.214086
-111.004191,32.214114
-111.001887,32.206851
-111.004232,32.213987
-111.000608,32.214451
-110.998672,32.224274
-111.003705,32.210441
-111.004382,32.214099
-110.989016,32.208255
-111.004243,32.213972
-111.004259,32.213918
-111.003379,32.220183
-110.997249,32.214858
-111.00432,32.213919
-111.004262,32.213902
-110.990828,32.213529
-111.003966,32.214265
-111.004233,32.21464
-111.00409,32.214648
-111.020114,32.21274
-110.986345,32.209883
-111.004112,32.214592
-111.004103,32.214659
-111.016024,32.210263
-111.004074,32.214606
-111.005178,32.213979
-111.003017,32.219554
-111.004101,32.21459
-111.004059,32.214574
-111.00413,32.214502
-111.004161,32.214481
-111.004286,32.214559
-110.989111,32.214289
-111.001457,32.212756
-111.004053,32.214613
-110.988546,32.21208
-110.999263,32.225398
-111.00416,32.214517
-111.004084,32.214532
-110.993318,32.214835
-111.018223,32.21901
-111.003952,32.214931
-110.998683,32.223766
-111.003976,32.213663
-111.003943,32.214127
-111.003944,32.214533
-110.993816,32.206147
-111.002576,32.214748
-111.004289,32.214552
-111.00326,32.219544
-111.002113,32.21688
-111.004126,32.214564
-110.988831,32.209146
-111.004401,32.214898
-111.016696,32.217989
-111.003805,32.214329
-110.987721,32.209101
-111.004324,32.214532
-111.002343,32.215793
-111.00425,32.214572
-110.998826,32.209053
-110.994528,32.218115
-111.004538,32.215081
-111.013454,32.216856
-111.001498,32.222155
-110.999492,32.221548
-110.994301,32.217958
-111.004485,32.214871
-110.988336,32.2085
-111.004234,32.214668
-111.00447,32.214881
-111.002814,32.207833
-111.00423,32.214574
-110.999115,32.220784
-111.003592,32.214986
-110.99468,32.217958
-111.00349,32.214109
-111.003558,32.214087
-111.003641,32.214053
-110.99608,32.214275
-111.003499,32.214125
-111.003666,32.214114
-111.001762,32.206079
-111.003204,32.220052
-111.009659,32.226468
-111.003791,32.214915
-110.996876,32.212531
-110.996665,32.215889
-110.994636,32.218021
-110.995997,32.221573
-110.998879,32.21549
-110.986177,32.213161
-110.996344,32.215939
-110.996344,32.216022
-110.994338,32.219232
-110.997892,32.214883
-110.998305,32.220275
-110.999115,32.215312
-110.998983,32.215225
-110.99846,32.214765
-110.998938,32.215169
-110.998847,32.215023
-110.998908,32.215527
-110.998985,32.215695
-110.998825,32.223639
-110.998904,32.215514
-110.998183,32.214901
-110.99377,32.217018
-110.998018,32.214922
-110.989746,32.209141
-110.989907,32.208059
-110.99035,32.214418
-110.990344,32.214253
-110.990624,32.209405
-110.993206,32.214809
-110.994668,32.217048
-110.996481,32.216942
-110.998201,32.214858
-110.998955,32.215472
-111.00863,32.22192
-111.003699,32.215096
-110.9901,32.209025
-111.002123,32.216587
-111.003553,32.215353
-111.004077,32.215894
-110.989679,32.214252
-111.003622,32.214681
-111.003694,32.214852
-111.003196,32.217348
-110.984526,32.211621
-111.003775,32.215871
-110.998913,32.215484
-110.995432,32.217252
-110.998241,32.214908
-110.998219,32.214879
-110.998443,32.214857
-110.994868,32.217434
-110.995651,32.218794
-110.994356,32.219286
-110.995704,32.218784
-110.988871,32.209577
-110.984378,32.212746
-110.984668,32.211704
-110.990235,32.214621
-110.991442,32.208899
-110.991696,32.212114
-111.018315,32.21094
-110.994602,32.217851
-110.995597,32.218843
-110.995839,32.218538
-110.994785,32.217406
-110.997289,32.21541
-110.997256,32.215285
-110.995015,32.217026
-110.992049,32.207535
-110.997003,32.215918
-110.994746,32.217455
-111.002461,32.217012
-111.003548,32.21491
-111.00329,32.214602
-111.003346,32.214628
-111.001607,32.212526
-110.997222,32.21662
-111.003939,32.214971
-110.988644,32.208621
-111.002409,32.214374
-111.001259,32.213163
-111.003903,32.221207
-111.00349,32.214036
-111.003842,32.214161
-111.002545,32.214677
-111.00369,32.214857
-110.994535,32.217451
-110.995349,32.217228
-110.994706,32.217274
-110.991825,32.211962
-110.99084,32.214207
-110.98886,32.211716
-110.98883,32.211758
-110.990681,32.214231
-110.990982,32.213988
-110.982765,32.215059
-110.991263,32.214743
-110.98756,32.21285
-110.993253,32.215504
-110.990491,32.209276
-110.991083,32.209698
-110.984899,32.210942
-110.991087,32.214828
-110.990214,32.21493
-110.9903,32.214532
-110.990452,32.214579
-110.994571,32.21703
-111.002453,32.218035
-111.004964,32.217298
-111.0029,32.218105
-111.019685,32.21375
-111.003727,32.215743
-111.001388,32.209548
-111.003726,32.214034
-111.009906,32.210389
-111.003941,32.215254
-111.004066,32.215772
-111.004109,32.215578
-111.008073,32.213212
-110.993909,32.215034
-111.007951,32.213554
-111.009035,32.214707
-111.010249,32.213864
-111.007187,32.21332
-111.004234,32.211831
-111.004665,32.21237
-111.004759,32.212396
-110.998859,32.224622
-111.003479,32.214778
-111.003464,32.215012
-110.995629,32.213348
-111.00545,32.215723
-111.004084,32.215451
-111.009779,32.211261
-111.003883,32.214953
-111.002927,32.21737
-111.002777,32.217347
-111.002923,32.217401
-110.994622,32.217154
-110.990526,32.209773
-110.99011900000001,32.208891
-110.990204,32.208937
-110.989858,32.208267
-110.983142,32.212818
-110.989596,32.209973
-110.989592,32.210171
-110.989616,32.208468
-110.993863,32.207704
-110.99188,32.208713
-110.990156,32.214366
-110.99019,32.21384
-110.990136,32.208869
-110.996365,32.207168
-110.990845,32.206977
-110.991996,32.208898
-110.99197,32.208683
-110.994803,32.210373
-110.993264,32.211489
-111.003454,32.206805
-110.990217,32.208871
-110.98928,32.206363
-110.990157,32.208954
-110.990144,32.208939
-110.990906,32.214223
-110.990439,32.21452
-110.994786,32.217402
-110.994872,32.21719
-110.996574,32.219688
-110.996483,32.219562
-110.983428,32.212582
-110.990931,32.215055
-110.990373,32.21199
-110.989664,32.209881
-111.019995,32.21255
-110.989908,32.210578
-110.98845,32.209422000000004
-110.990278,32.208861
-110.989676,32.207902
-110.988624,32.208489
-110.989617,32.210068
-110.989667,32.209998
-110.990845,32.214204
-111.017451,32.212125
-110.994299,32.217238
-110.985979,32.209133
-110.991101,32.214226
-110.984098,32.212491
-110.991056,32.214293
-110.99241,32.212292
-110.994558,32.210404
-110.994881,32.210348
-110.995093,32.208132
-111.000049,32.206635
-110.991151,32.207937
-110.991161,32.207964
-110.990003,32.208875
-110.987481,32.20846
-110.990042,32.208693
-110.989863,32.20896
-110.994979,32.217488
-110.994613,32.217436
-110.996286,32.21724
-110.994713,32.21739
-110.998461,32.211335
-110.986856,32.210004
-110.988755,32.209626
-110.989824,32.209222
-111.000266,32.210367
-110.991228,32.214044
-110.991019,32.214291
-110.984139,32.213604
-110.986053,32.210963
-110.991082,32.214291
-110.995386,32.20961
-110.990165,32.208268
-110.994348,32.206799
-110.982347,32.214683
-110.986239,32.208958
-110.988816,32.208259
-110.993848,32.207806
-111.004296,32.210659
-111.003697,32.214104
-111.020683,32.211802
-111.004712,32.214245
-111.003917,32.220486
-111.003949,32.215579
-111.002492,32.220082
-111.005367,32.219695
-111.005255,32.219871
-111.00472,32.219279
-111.004389,32.220059
-111.004871,32.21999
-111.004953,32.219732
-111.001616,32.221468
-110.997897,32.216441
-110.997883,32.214064
-110.997578,32.218973
-110.996285,32.21724
-111.00216,32.22116
-111.005005,32.21999
-111.001737,32.224435
-111.002905,32.217442
-110.993199,32.207043
-110.981931,32.215481
-110.991455,32.207565
-110.988657,32.208383
-110.981949,32.21583
-110.989327,32.208477
-110.989654,32.208501
-110.990873,32.208526
-110.993442,32.214201
-110.99478,32.209949
-110.994138,32.207543
-110.99536,32.20726
-111.005322,32.206811
-110.995352,32.2076
-110.995447,32.207671
-110.989564,32.208004
-110.989511,32.20856
-110.991398,32.214375
-111.000103,32.225629
-110.998617,32.223694
-110.998664,32.223977
-110.993411,32.213125
-110.997892,32.215122
-110.998877,32.215193
-111.003221,32.218555
-111.005923,32.218045
-111.006757,32.218002
-111.020294,32.216992
-111.009424,32.215055
-111.008142,32.213396
-110.995511,32.208195
-111.007874,32.213829
-111.005725,32.215849
-111.00332,32.215437
-111.003356,32.215397
-111.003034,32.217149
-111.005644,32.215556
-111.010735,32.216525
-111.00224300000001,32.216911
-111.005091,32.215056
-111.004026,32.215842
-111.001578,32.223998
-111.003982,32.219284
-111.004512,32.219583
-111.004421,32.219416
-110.994541,32.217664
-110.994222,32.210375
-110.984213,32.212118
-110.991121,32.207894
-110.993665,32.213234
-110.998704,32.211051
-110.994967,32.206258
-110.990783,32.207834
-110.98862,32.208249
-110.981804,32.21513
-110.981934,32.215505
-110.999041,32.216653
-111.014766,32.226902
-111.00284,32.216848
-111.003417,32.217002
-111.00362,32.214102
-111.003891,32.214205
-110.99722,32.214645
-110.998926,32.21564
-111.00203,32.220588
-111.002971,32.217751
-111.003519,32.218247
-110.994387,32.206121
-110.99052,32.208107
-110.987671,32.210034
-110.981687,32.224337
-110.981893,32.224316
-110.981736,32.224508
-110.988842,32.207928
-110.993407,32.208729
-110.994459,32.21043
-110.997589,32.219397
-110.997041,32.223385
-111.001711,32.220159
-111.004467,32.219701
-111.005443,32.216913
-111.007919,32.218374
-111.002366,32.219328
-111.014282,32.225946
-111.009443,32.22542
-111.002925,32.217445
-111.002959,32.217448
-111.002434,32.21818
-110.99499900000001,32.210039
-110.98661,32.208927
-110.991123,32.20794
-110.991222,32.207962
-110.988891,32.207964
-110.99405,32.214042
-110.990366,32.214213
-110.990311,32.21443
-110.993451,32.208729
-110.993575,32.207895
-110.988997,32.207902
-110.993568,32.213017
-110.993283,32.211426
-110.990746,32.207613
-111.020896,32.208974
-110.988803,32.208195
-110.984297,32.211609
-110.984332,32.211715
-110.984433,32.211738
-110.984107,32.211898
-110.984241,32.211767
-110.984334,32.211757
-110.984398,32.211606
-110.984281,32.211795
-110.984278,32.211807
-110.987779,32.211649
-110.996628,32.21734
-110.984277,32.211769
-110.994905,32.210439
-110.990689,32.212303
-111.003383,32.215822
-111.003359,32.215781
-111.018332,32.207028
-110.996556,32.22258
-111.003488,32.228496
-111.01377599999999,32.230542
-111.013899,32.228407
-110.993002,32.21338
-110.994839,32.21035
-110.986887,32.21322
-110.989417,32.208555
-110.9952,32.20531
-110.997463,32.207223
-110.994894,32.217529999999996
-111.001748,32.220195
-111.001997,32.219555
-111.004161,32.219083
-111.009572,32.226373
-111.020063,32.224654
-111.017934,32.214177
-111.021346,32.211027
-111.015748,32.206928
-111.010302,32.210553
-111.009005,32.209035
-110.987594,32.21015
-110.993655,32.218189
-110.99657,32.21971
-110.999676,32.217733
-110.993778,32.213958
-110.99467,32.213063
-110.994632,32.21046
-110.994661,32.210255
-111.002944,32.207725
-111.017962,32.209941
-111.016738,32.229666
-111.016272,32.229955
-111.013759,32.23061
-111.014474,32.232156
-111.010907,32.220374
-110.989199,32.214287
-110.993503,32.214107
-110.989416,32.208453
-110.981636,32.214656
-110.981846,32.222722
-110.988466,32.212322
-110.996866,32.213108
-110.995912,32.221592
-111.002851,32.222154
-111.000367,32.219529
-110.998809,32.210988
-110.997148,32.208225
-110.996465,32.209076
-110.994885,32.207247
-110.989472,32.208084
-110.997759,32.218309
-111.017311,32.208767
-111.018164,32.209997
-111.019998,32.216542
-111.002968,32.225481
-111.00084,32.224894
-111.001844,32.220539
-111.00176,32.220463
-111.001827,32.220505
-110.991172,32.207631
-110.992596,32.211707
-110.992643,32.211733
-110.989888,32.2078
-110.992258,32.216245
-110.993478,32.214071
-110.997444,32.213313
-111.001639,32.212588
-111.012306,32.209415
-111.013864,32.230498
-111.009931,32.234777
-111.014292,32.230657
-111.016915,32.222747
-111.015419,32.216881
-111.007867,32.217109
-111.005555,32.215572
-111.006132,32.212494
-110.997337,32.209085
-110.993346,32.208768
-110.990769,32.207724
-110.998226,32.20913
-111.000252,32.212557
-110.996745,32.219199
-110.998429,32.223742
-111.005354,32.22068
-111.004502,32.2188
-111.016687,32.215297
-111.019049,32.214775
-110.99585,32.205555
-110.989402,32.208517
-110.989404,32.208473
-110.987515,32.21056
-110.990405,32.215481
-110.998937,32.222104
-111.006254,32.225427
-111.013703,32.230182
-111.014015,32.230292
-111.016312,32.223529
-111.019204,32.216545000000004
-111.016594,32.21943
-111.012698,32.220005
-111.005989,32.21692
-110.993023,32.207143
-110.993485,32.208658
-110.993465,32.210363
-110.990987,32.208018
-110.998968,32.213214
-111.02173,32.209128
-111.017972,32.222979
-111.00621,32.216834
-110.998244,32.216762
-110.992958,32.20707
-111.005065,32.215002
-111.010824,32.213094
-111.010259,32.214008
-111.018636,32.227122
-111.018701,32.21279
-111.008052,32.20785
-111.001328,32.209174
-110.99858,32.223779
-111.0182,32.217665
-110.9976,32.21539
-110.99549,32.211555
-110.989592,32.210222
-110.995536,32.205539
-111.007041,32.226788
-111.009675,32.21717
-110.99878,32.212103
-110.9874,32.210496
-110.993529,32.214755
-111.003724,32.224658
-111.019393,32.210994
-111.008525,32.21105
-111.008086,32.211673
-111.005898,32.208842
-111.000453,32.219134
-111.001507,32.216638
-111.011462,32.210369
-111.011028,32.211827
-111.020086,32.225494
-111.009876,32.21544
-111.010202,32.207609
-110.990224,32.207545
-110.995201,32.209897
-111.001787,32.215632
-110.990501,32.213904
-110.992676,32.216304
-111.005618,32.218266
-111.018116,32.209309
-110.994413,32.205442
-111.018486,32.218162
-111.009946,32.215493
-110.987871,32.211987
-111.003659,32.226139
-111.012682,32.210398
-110.992546,32.20726
-110.990415,32.2162
-110.992808,32.216683
-111.019509,32.220079
-111.007875,32.215158
-110.988935,32.20778
-110.990822,32.208395
-111.000404,32.219815
-110.990518,32.20856
-110.996975,32.213427
-110.991959,32.208762
-111.012109,32.225149
-111.013232,32.226521
-110.990075,32.203916
-110.9924,32.212413
-111.005686,32.215724
-110.992056,32.201371
-110.98921,32.208188
-110.990131,32.208825
-111.018335,32.214419
-111.009431,32.215062
-110.992756,32.21632
-110.991605,32.216845
-110.992687,32.212664
-111.001353,32.214188
-111.012034,32.219383
-110.984023,32.212556
-110.995297,32.206491
-110.993764,32.212567
-111.018205,32.215281
-111.004389,32.218023
-111.003272,32.218616
-111.004438,32.211378
-111.004194,32.211261
-111.004222,32.211098
-111.003891,32.210527
-111.003739,32.210462
-111.00351,32.209763
-110.987361,32.208257
-110.988894,32.210058
-110.99004,32.208422
-110.984474,32.21136
-110.997615,32.21933
-111.007951,32.214865
-110.992921,32.217069
-111.001756,32.22107
-110.990433,32.213513
-110.994434,32.217309
-111.002227,32.21036
-111.001149,32.209738
-111.001259,32.209749
-111.004251,32.221355
-111.003513,32.212965
-111.000178,32.219406
-111.002335,32.21105
-111.008266,32.215209
-110.989284,32.206603
-111.01345,32.216543
-111.006443,32.214126
-110.998431,32.223822
-111.0024,32.2228
-110.989087,32.214797
-110.996882,32.206759
-110.997254,32.213819
-111.012463,32.22637
-111.013593,32.230112
-111.012478,32.227371
-111.020796,32.213888
-110.99376,32.200085
-110.993569,32.200171
-110.984403,32.212935
-110.998598,32.223563
-111.002067,32.218895
-110.989036,32.214683
-110.988784,32.207938
-110.990868,32.209321
-111.001217,32.210604
-111.001696,32.221529
-110.995768,32.221641
-111.018918,32.218697
-111.003011,32.217913
-110.989776,32.207141
-110.993742,32.199977
-110.993924,32.20766
-110.993411,32.211057
-111.004486,32.210507
-111.01221,32.231482
-111.009453,32.215065
-111.004388,32.221837
-111.002512,32.215401
-110.998871,32.206722
-111.016544,32.207063
-111.01352,32.223564
-111.004003,32.221412
-110.993934,32.207443
-110.989879,32.207939
-110.989821,32.207885
-110.990408,32.216008
-111.005243,32.222441
-111.00455,32.20681
-110.998666,32.214176
-110.99035,32.207674
-110.990809,32.209904
-110.989043,32.214233
-111.000296,32.212375
-111.007172,32.227677
-111.019475,32.209154
-111.016989,32.208937
-111.009105,32.21045
-111.009092,32.210396
-111.003095,32.215244
-110.987617,32.209711
-110.994551,32.210491
-110.996468,32.219542
-111.013131,32.219982
-111.006245,32.216248
-111.002372,32.217784
-110.997384,32.215902
-110.989965,32.208222
-110.988922,32.21479
-110.99434,32.208935
-111.001707,32.221228
-111.003279,32.216898
-111.010489,32.213153
-111.003591,32.212935
-111.006955,32.217088
-111.001526,32.215732
-111.00354,32.212966
-111.001826,32.210972
-110.999568,32.208573
-110.99339,32.206316
-110.990492,32.207527
-110.989419,32.208485
-110.989313,32.208366
-110.988298,32.209671
-110.98833,32.209661
-110.988747,32.21397
-110.990651,32.212904
-110.996407,32.208465
-110.996219,32.208151
-110.995797,32.206639
-110.99949,32.205727
-111.004536,32.208738
-111.006435,32.210909
-111.00622,32.211118
-111.007278,32.21133
-111.009328,32.211423
-111.012828,32.21222
-111.007401,32.210739
-111.007464,32.211478
-111.007507,32.211489
-111.007483,32.211516
-111.003454,32.213824
-111.005986,32.215663
-111.006227,32.216034
-111.006245,32.216028
-111.006267,32.216052
-111.006129,32.215744
-111.006115,32.215736
-111.007092,32.214684
-111.006718,32.21476
-111.008107,32.213177
-111.008182,32.213314
-111.008071,32.212913
-111.009594,32.212719
-111.012121,32.213034
-111.017636,32.217318
-111.0219,32.225718
-111.014078,32.226055
-111.014158,32.226035
-111.013549,32.226398
-111.011137,32.226132
-111.003783,32.228185
-111.003511,32.225271
-111.004842,32.22285
-111.003094,32.222416
-111.003006,32.222301
-111.001414,32.220036
-111.00361,32.217811
-111.003494,32.215559
-111.003469,32.215566
-111.003398,32.215664
-111.003424,32.213869
-111.00337,32.213781
-111.003482,32.213908000000004
-111.003009,32.214614
-111.003096,32.214812
-111.001751,32.212692
-110.996397,32.206429
-110.990379,32.206544
-110.988715,32.207997
-110.988753,32.208031
-110.987762,32.210297
-110.994078,32.218407
-110.99647,32.219502
-110.996479,32.219424
-110.997089,32.215718
-110.997405,32.213242
-110.999705,32.215334
-111.00225,32.217615
-111.005003,32.21971
-111.008606,32.216753
-111.008517,32.216737
-111.00862,32.216663
-111.008583,32.216692
-111.008239,32.215145
-111.006108,32.218057
-111.00287,32.218675
-111.003776,32.216587
-111.003287,32.214557
-111.003291,32.214591
-111.003284,32.214599
-111.00349,32.21313
-111.003699,32.213303
-111.007371,32.208805
-111.00806,32.208849
-111.007939,32.208739
-111.007287,32.206476
-111.007648,32.207802
-111.007466,32.208075
-110.998688,32.207081
-110.991153,32.20295
-110.989356,32.208407
-110.989434,32.208513
-110.986259,32.209039
-110.990844,32.211566
-110.990818,32.211494
-110.992682,32.211569
-110.995341,32.209788
-110.995658,32.209768
-110.995335,32.209958
-110.993813,32.210275
-110.991669,32.209399
-110.99084,32.208124
-110.992377,32.207292
-110.9967,32.209317
-110.995465,32.210716
-110.988888,32.214762
-110.990244,32.215303
-110.995465,32.217285
-110.996569,32.21601
-110.997902,32.215063
-110.997561,32.216085
-110.996572,32.217116
-111.001407,32.215572
-111.001425,32.21552
-111.002347,32.215466
-111.002199,32.215617
-111.002315,32.215465
-111.005265,32.21807
-111.005551,32.218054
-111.005704,32.219317
-111.005718,32.219209
-111.005709,32.219149
-111.0046,32.216704
-111.006732,32.213581
-111.009674,32.211456
-111.013903,32.210521
-111.020711,32.213237
-111.010802,32.215716
-111.008185,32.216863
-111.006959,32.21756
-111.007181,32.217893
-111.006842,32.217809
-111.003908,32.210745
-111.007231,32.209448
-111.011909,32.210542
-111.018926,32.209852
-111.017736,32.207273
-111.017765,32.20729
-111.018441,32.206967
-111.018439,32.206966
-111.016912,32.208535
-111.009957,32.210911
-111.009999,32.210547
-111.006378,32.210666
-111.005958,32.211921
-111.006177,32.211735
-111.006104,32.211688
-111.00429,32.214022
-111.004553,32.217703
-111.005149,32.219218
-110.99557,32.217161
-110.993373,32.214826
-110.993309,32.214701
-110.993318,32.214777
-110.993322,32.214776
-110.993304,32.214763
-110.993387,32.21482
-110.99344,32.211538
-110.993363,32.211473
-110.993444,32.211216
-110.993394,32.211222
-110.993402,32.211263
-110.993265,32.211314
-110.993283,32.21121
-110.991811,32.205185
-110.993339,32.214624
-110.993339,32.214807
-110.996237,32.215859
-111.003789,32.215577
-111.004273,32.215379
-111.006305,32.216082
-111.003512,32.210522
-111.007904,32.20722
-111.017483,32.207094
-111.020037,32.213784
-111.013604,32.216286
-111.008835,32.214972
-111.008913,32.214892999999996
-111.00873,32.2149
-111.008455,32.21444
-111.008892,32.214473
-111.00894,32.21444
-110.999924,32.206742
-110.99032,32.206452
-110.989247,32.206553
-110.989402,32.205761
-110.993515,32.214156
-111.002315,32.215438
-111.004271,32.216016
-111.005105,32.216096
-111.005693,32.216924
-111.007768,32.216469
-111.00553,32.211929
-111.005412,32.211791
-111.00543,32.211806
-111.00542,32.211752
-111.005618,32.211697
-111.00557,32.211821
-111.005289,32.211668
-111.003686,32.219709
-111.005481,32.211981
-111.005515,32.211836
-111.005363,32.211748
-111.005449,32.211618
-110.999057,32.214459
-111.005458,32.211705
-111.00537,32.211799
-111.005422,32.211646
-111.005586,32.21178
-111.005715,32.216039
-111.005374,32.211746
-111.005359,32.211757
-111.005461,32.211831
-111.005352,32.211695
-111.00594100000001,32.211945
-111.005355,32.211772
-111.00559,32.211892
-111.005327,32.211735
-111.005467,32.211751
-111.005626,32.211741
-111.005482,32.211918
-111.00336,32.219313
-110.997859,32.222826
-111.005361,32.211814
-110.998445,32.209381
-111.005317,32.211667
-110.992887,32.205692
-110.997208,32.212353
-111.005379,32.211698
-111.005508,32.211735
-111.005342,32.211767
-111.005383,32.211796
-110.998641,32.210303
-111.004966,32.211851
-111.005467,32.211845
-111.005391,32.211727
-111.005545,32.215288
-110.996612,32.223416
-110.996245,32.22025
-111.005105,32.213283
-111.005411,32.211733
-111.005336,32.211864
-110.989372,32.206703
-110.995463,32.20982
-111.003568,32.210828
-111.005332,32.211723
-111.005791,32.216441
-111.005411,32.21169
-111.005403,32.211769
-111.005438,32.211817
-111.000454,32.206664
-110.998013,32.21006
-111.000637,32.21256
-111.000925,32.213554
-111.005359,32.211728
-111.005419,32.211733
-111.005418,32.211835
-111.005407,32.211797
-111.005432,32.211726
-111.004617,32.212289
-110.996707,32.220125
-111.003425,32.219561
-111.005407,32.211758
-111.005356,32.211711
-110.998822,32.212843
-111.001615,32.217578
-111.006085,32.213024
-111.005414,32.211723
-111.005587,32.211963
-111.005327,32.211761
-111.005677,32.21426
-111.005354,32.211744
-111.00334,32.21881
-111.005398,32.213834
-111.001592,32.21308
-111.00239,32.213194
-111.0054,32.21174
-111.001978,32.209781
-110.988284,32.210539
-110.993711,32.209851
-111.002076,32.212484
-111.005506,32.211865
-111.000496,32.224903
-111.009713,32.226263
-111.004028,32.219329
-111.00356,32.215768
-111.004163,32.225415
-111.016241,32.216163
-111.014505,32.215963
-111.005272,32.217859
-111.004256,32.215047
-110.992311,32.216023
-110.99286,32.216037
-111.003068,32.216508
-111.004176,32.215044
-111.004275,32.215056
-111.004504,32.217795
-110.99596,32.221167
-110.998543,32.223926
-110.996788,32.216402
-111.004232,32.215106
-111.000755,32.225353
-110.999765,32.225246
-110.998464,32.22389
-110.999843,32.222748
-111.004247,32.215093
-111.004264,32.214949
-110.99207,32.202904
-110.987748,32.210246
-110.991243,32.213631
-111.00016,32.214249
-111.004365,32.215051
-111.004253,32.215006
-111.010588,32.210687
-111.021582,32.208834
-111.013614,32.212791
-111.007907,32.207182
-111.00329,32.21419
-111.004156,32.214737
-111.004254,32.215026
-111.000074,32.218587
-110.996001,32.219419
-110.998729,32.210483
-110.989654,32.211796
-111.000491,32.214263
-110.999057,32.220511
-111.000325,32.214441
-111.005605,32.216051
-111.004365,32.215016
-111.00335,32.218705
-111.001561,32.218559
-111.001419,32.222058
-111.003278,32.217718
-111.004365,32.215117
-111.004253,32.215045
-110.999255,32.212109
-110.990455,32.20758
-110.990384,32.212412
-110.995173,32.209367
-111.000767,32.21506
-111.00428,32.215038
-111.004253,32.215112
-111.003803,32.225537
-111.012769,32.230571
-111.020005,32.225366
-111.014253,32.218935
-111.004422,32.215093
-111.00445,32.215137
-110.996986,32.218051
-111.000799,32.218514
-111.004241,32.216885
-111.00444,32.215198
-111.004219,32.21502
-111.004092,32.214542
-110.989471,32.214673
-110.986997,32.208578
-110.989565,32.212642
-111.01987,32.20999
-111.018172,32.21739
-111.01381,32.213998
-110.995574,32.205918
-111.00257,32.2112
-111.004294,32.215109
-110.9984,32.206954
-110.989003,32.207535
-110.986549,32.212939
-110.996239,32.216563
-111.004527,32.215138
-111.004455,32.214965
-111.004248,32.215014
-110.997558,32.223781
-110.998277,32.218138
-111.003074,32.216503
-111.004259,32.215057
-111.004435,32.21498
-110.994565,32.205874
-110.992824,32.21371
-110.999488,32.211759
-111.004018,32.216696
-111.004266,32.215143
-111.004265,32.215021
-111.005678,32.215684
-111.020053,32.215663
-111.018382,32.207566
-111.013119,32.215373
-111.004268,32.215139
-111.004293,32.215044
-111.002345,32.219261
-111.00535,32.21566
-111.004425,32.215143
-111.004948,32.215272
-111.004439,32.21519
-111.002995,32.218667
-110.996102,32.213722
-111.001903,32.214547
-111.004572,32.21504
-110.993364,32.206403
-110.988252,32.213876
-110.998343,32.214053
-111.004536,32.214997
-111.00472,32.215084
-111.004474,32.215095
-111.00457,32.215031
-111.004581,32.215035
-111.019131,32.214058
-111.008176,32.218727
-111.004542,32.215077
-110.995549,32.214023
-111.005617,32.216331
-111.004567,32.215061
-111.004545,32.215079
-111.00456,32.215002
-110.999383,32.225291
-110.999013,32.224509
-110.996808,32.221502
-110.998416,32.209907
-110.984843,32.213337
-110.99378,32.215506
-110.999221,32.213798
-111.004384,32.215017
-111.004444,32.215205
-111.002802,32.218482
-111.003158,32.216975
-111.004484,32.215019
-111.004669,32.214967
-111.004585,32.214638
-111.004549,32.215107
-110.990753,32.205166
-110.991915,32.216174
-111.001279,32.222986
-111.003411,32.218448
-111.004551,32.21501
-111.004532,32.215025
-111.005653,32.215008
-111.004345,32.214931
-111.000932,32.208208
-111.004002,32.215054
-111.004303,32.214762
-111.000845,32.208218
-111.019438,32.207773
-111.014874,32.215816
-111.005286,32.2179
-111.004655,32.214876
-111.004612,32.214762
-111.004587,32.214794
-111.000588,32.213001
-110.98498,32.210911
-110.989282,32.211615
-110.99728,32.219264
-111.00486,32.215326
-111.004526,32.215039
-111.004641,32.214867
-111.004616,32.21503
-111.002186,32.22144
-110.999527,32.225287
-110.998976,32.225119
-110.998505,32.223546
-111.00344,32.212874
-111.004381,32.215029
-111.005306,32.214099
-111.004491,32.214956
-111.01899,32.218197
-111.007042,32.226927
-111.004762,32.221574
-111.004329,32.214783
-110.996595,32.20603
-110.988625,32.213142
-110.99963,32.212852
-111.004379,32.214804
-111.004738,32.214765
-111.004618,32.214723
-111.004544,32.214742
-110.999364,32.225522
-110.99781,32.224492
-111.001537,32.217152
-111.004576,32.214924
-111.00469,32.214812
-111.006053,32.215582
-111.004921,32.215134
-110.999075,32.223201
-110.998461,32.223852
-111.00322,32.217485
-111.004606,32.215048
-111.004549,32.214983
-111.004764,32.214787
-111.000022,32.208929
-110.991968,32.212861
-111.004869,32.214748
-111.004821,32.215071
-111.003416,32.219213
-111.000411,32.226029
-111.011527,32.226168
-111.016404,32.218962
-111.013218,32.215242
-111.005165,32.214892
-111.004819,32.215272
-111.004533,32.214696000000004
-110.996176,32.215094
-110.989223,32.206562
-111.004883,32.215191
-110.989745,32.213799
-111.004177,32.214586
-111.005088,32.212801
-111.019936,32.213869
-111.014705,32.21797
-111.004967,32.214124
-111.010228,32.209832
-111.015361,32.216257
-111.007353,32.214046
-110.997696,32.22272
-111.007111,32.213084
-111.003276,32.208917
-111.003456,32.219409
-111.006509,32.214254
-111.006606,32.214372
-111.006476,32.214626
-110.998336,32.213523
-110.996113,32.221567
-111.006346,32.21444
-111.006475,32.21454
-110.996897,32.223523
-111.006352,32.214467
-111.003043,32.211136
-111.004757,32.214206
-111.003221,32.214159
-111.003673,32.214071
-110.988663,32.212444
-111.004628,32.215058
-111.004749,32.215026
-111.001728,32.21603
-111.004861,32.214946
-111.004632,32.215044
-111.005151,32.21486
-110.996597,32.216184
-111.004676,32.21503
-111.004718,32.215114
-111.004608,32.214994
-111.001405,32.217113
-111.003986,32.218519
-110.993441,32.216704
-110.994513,32.217595
-111.004588,32.214968
-111.004479,32.214883
-110.996559,32.214527
-111.004656,32.215101
-111.003801,32.213836
-111.003648,32.214928
-110.998176,32.213935
-111.003571,32.214149
-111.003982,32.208668
-111.00639,32.214626
-111.006258,32.214649
-111.006361,32.21452
-111.007502,32.215989
-111.008364,32.212517
-111.000252,32.225177
-111.009792,32.207023
-111.008193,32.212469
-111.001098,32.21109
-110.994975,32.216254
-111.009385,32.212452
-111.005587,32.219527
-110.994831,32.20676
-111.004277,32.224545
-111.008832,32.222686
-111.008284,32.212379
-111.003816,32.2266
-111.012471,32.211054
-110.990369,32.214536
-110.993937,32.214413
-111.010857,32.218973
-111.020071,32.218884
-110.994838,32.217074
-111.009493,32.207424
-110.994917,32.217791
-110.995072,32.217785
-110.994578,32.218024
-111.012627,32.212438
-110.997673,32.21978
-110.994945,32.217726
-110.994565,32.217972
-111.01927,32.21648
-110.998372,32.214921
-110.995606,32.217092
-111.01968,32.214526
-110.999158,32.21513
-110.994328,32.217078
-111.016384,32.214597
-110.999003,32.215484
-110.996144,32.217053
-111.018494,32.209115
-110.998971,32.215444
-111.016855,32.212325
-110.996412,32.216826
-110.995591,32.219567
-110.997442,32.215702
-110.994934,32.217456
-110.994592,32.217184
-110.99005,32.212359
-110.984261,32.211927
-110.989806,32.209588
-111.008577,32.226332
-111.001753,32.213664
-110.994702,32.217161
-110.994653,32.217208
-111.017972,32.207516
-110.994705,32.217215
-110.995855,32.218746
-110.995694,32.218879
-110.995606,32.220417
-110.995879,32.220721
-110.995633,32.220623
-111.006117,32.21308
-110.99576,32.220783
-111.019148,32.207114
-110.995519,32.218868
-110.995687,32.218777
-110.995718,32.21878
-110.994621,32.217187
-110.994695,32.217199
-110.990008,32.214687
-110.991521,32.207727
-111.018428,32.206978
-110.985465,32.211363
-110.993242,32.214835
-110.989488,32.207621
-111.018797,32.207314
-110.991395,32.207646
-110.99047,32.206771
-110.989993,32.209105
-110.990289,32.214243
-110.988731,32.208047
-110.990245,32.208882
-110.993253,32.207948
-110.991634,32.215732
-110.995062,32.217374
-110.994756,32.217256
-111.015207,32.217271
-110.995629,32.218754
-110.995659,32.220829
-110.998288,32.222477
-110.995741,32.220801
-110.994176,32.218183
-110.990909,32.208477
-111.010279,32.210296
-110.990106,32.206531
-111.020064,32.224004
-110.98903,32.20985
-110.989495,32.209745
-110.989607,32.208052
-110.997164,32.208727
-110.995689,32.207624
-110.992359,32.207255
-110.990104,32.206576
-110.994267,32.21325
-110.990721,32.207924
-110.985368,32.210696
-111.007905,32.224497
-110.985713,32.210369
-110.994519,32.210358
-110.988014,32.208868
-110.990084,32.208835
-110.996438,32.208007
-110.997612,32.208581
-111.020759,32.221886
-111.003792,32.215456
-111.00441,32.219036
-111.001156,32.221336
-111.002358,32.22001
-111.002432,32.219902
-111.00241,32.219842
-111.002233,32.219854
-111.002279,32.219871
-111.01207,32.214202
-110.999693,32.215024
-110.997473,32.216054
-110.997676,32.215762
-110.998886,32.215491
-110.994068,32.210808
-110.994102,32.210469
-110.982838,32.214112
-110.993215,32.211383
-110.993164,32.211363
-110.989764,32.214264
-110.990547,32.214326
-110.986256,32.213025
-110.993286,32.214875
-110.993936,32.216826
-110.995395,32.217308
-110.995826,32.218716
-111.008857,32.217242
-111.003097,32.217457
-111.00314,32.217134
-111.020634,32.227613
-111.003302,32.216679
-111.005594,32.217633
-111.005462,32.215224
-111.004082,32.215921
-111.00393,32.215854
-111.005067,32.218533
-111.005538,32.217726
-111.001937,32.215389
-110.990314,32.206773
-110.990475,32.208065
-110.992387,32.205195
-111.018307,32.207184
-110.991381,32.207777
-110.98929,32.207605
-110.99267999999999,32.205739
-110.991829,32.207474
-110.987204,32.209383
-110.99121,32.207865
-110.991134,32.207993
-110.991181,32.207917
-110.991853,32.207471
-110.989034,32.208218
-110.985703,32.210511
-110.991844,32.206578
-110.990809,32.206938
-110.994519,32.210369
-111.003475,32.214978
-111.01868,32.212446
-111.003561,32.214046
-111.003571,32.214214
-110.990737,32.208097
-110.991211,32.207846
-110.991194,32.207877
-110.991217,32.208173
-110.9898,32.208738
-110.989959,32.20896
-110.993185,32.208432
-110.990895,32.214132
-110.993472,32.214777
-110.988596,32.20913
-110.992345,32.207405
-110.985673,32.210339
-110.990041,32.208332
-110.989562,32.208612
-110.992271,32.207413
-111.016369,32.229721
-110.990857,32.206883
-110.989936,32.208436
-110.988529,32.211027
-110.990284,32.206715
-110.983931,32.212646
-110.989633,32.208589
-110.990435,32.211515
-110.992931,32.211615
-110.987323,32.209648
-110.990245,32.208907
-110.992287,32.206918
-110.990151,32.208899
-110.991525,32.209979
-110.988695,32.208084
-110.988664,32.208069
-110.990915,32.207961
-110.991192,32.207884
-110.986073,32.20919
-110.989804,32.208636
-110.98832,32.207362
-110.990631,32.207949
-110.988607,32.209889
-110.987857,32.21389
-110.993289,32.214735
-110.997537,32.218937
-110.997589,32.218702
-110.994906,32.217494
-111.002703,32.218038
-111.013626,32.216412
-111.005506,32.217873
-111.002636,32.218574
-111.004793,32.221523
-110.989706,32.202975
-110.989504,32.202007
-110.994745,32.20707
-110.989979,32.203597
-110.990879,32.207921
-110.988858,32.202408
-110.994516,32.207698
-110.994662,32.208851
-110.988676,32.205088
-110.990346,32.207561
-110.993278,32.20588
-110.988531,32.209837
-110.988629,32.212234
-110.990688,32.21561
-110.994803,32.217455
-110.994753,32.217435
-110.996398,32.219457
-110.998585,32.216193
-110.996495,32.219838
-111.001784,32.219826
-111.002256,32.221072
-111.016425,32.21766
-111.001196,32.220241
-111.004434,32.22868
-111.002209,32.221224
-111.004461,32.219595
-111.007617,32.208526
-110.997421,32.20633
-110.991315,32.208962
-111.006012,32.21174
-111.006044,32.211865
-111.006815,32.216004
-111.020251,32.208547
-111.007105,32.214784
-111.00213,32.213187
-110.997174,32.211758
-110.993621,32.210383
-110.987704,32.208509
-110.988752,32.205053
-110.988348,32.209407
-110.993441,32.21561
-110.996418,32.220399
-110.995725,32.21871
-110.994883,32.217416
-110.998365,32.217156
-111.002272,32.221382
-111.004503,32.219724
-111.000892,32.225255
-111.02004,32.21885
-111.004373,32.21973
-111.002727,32.218761
-111.002689,32.218947
-110.996398,32.217168
-110.997696,32.208942
-110.996008,32.214361
-110.998914,32.215577
-110.996349,32.20787
-110.997028,32.208325
-110.99128,32.209072
-110.986838,32.210626
-110.992217,32.211458
-110.994381,32.210106
-110.993427,32.208699
-110.994801,32.210174
-110.992811,32.206939
-111.017284,32.212685
-110.996127,32.207043
-110.988543,32.209205
-110.98853,32.209159
-110.988684,32.20817
-110.989498,32.208606
-110.989256,32.208873
-110.990343,32.214523
-110.990823,32.215567
-110.993734,32.217347
-110.99695,32.219723
-110.9966,32.220824
-110.996581,32.21988
-110.997233,32.223719
-111.003791,32.228591
-111.007117,32.227574
-111.020169,32.227945
-111.014098,32.226085
-111.018692,32.229717
-111.014382,32.216317
-111.015485,32.21664
-111.008328,32.218447
-111.00810799999999,32.222037
-111.016803,32.210407
-111.006363,32.21923
-111.004448,32.223859
-111.003979,32.219974
-111.004047,32.219829
-111.003308,32.215885
-110.996949,32.216415
-110.99714,32.215913
-110.992775,32.215405
-110.981793,32.214953
-110.988934,32.207785
-110.98892,32.207845
-110.98886,32.20781
-110.988591,32.209927
-110.992228,32.210581
-110.994165,32.213203
-110.994783,32.209517
-111.004285,32.213559
-111.002091,32.226514
-110.994428,32.220458
-110.998621,32.223813
-110.99122,32.214855
-110.991556,32.215523
-110.981628,32.223841
-110.981859,32.222627
-110.982343,32.218176
-110.988994,32.211356
-110.993261,32.214716
-110.988795,32.208045
-110.989814,32.207374
-110.981797,32.224233
-110.98436,32.214794
-110.984126,32.213717
-110.981843,32.224466
-110.982245,32.2267
-110.982351,32.223455
-110.981942,32.22266
-110.98418,32.212666
-110.993689,32.213967
-110.996423,32.219375
-111.003786,32.210152
-111.022816,32.222498
-111.014229,32.23012
-111.007457,32.238459
-111.006394,32.227973
-110.996424,32.219507
-110.99332,32.214807
-110.994129,32.208948
-110.994494,32.205829
-110.989999,32.20801
-110.98209,32.21565
-110.982451,32.216852
-110.988294,32.209466
-110.988765,32.208058
-110.988723,32.206255
-110.994874,32.204756
-110.99123,32.207725
-110.99581,32.207719
-110.98156,32.219388
-110.981603,32.214353
-110.990659,32.209378
-110.990865,32.209272
-110.994938,32.209904
-110.995038,32.209963
-110.995098,32.210068
-110.995076,32.209913
-110.99436,32.207045
-110.988567,32.208244
-111.0164,32.207274
-111.019021,32.219353
-111.010854,32.226232
-111.000292,32.223819
-110.995145,32.210178
-110.994533,32.210429
-110.989401,32.214741
-110.981774,32.224127
-110.985266,32.21096
-110.982048,32.215609
-110.982584,32.218033
-110.981508,32.223092
-110.982369,32.218039
-110.990758,32.215064
-110.99465,32.217204
-110.995585,32.218817
-110.995765,32.218832
-110.997173,32.219146
-110.995157,32.222056
-110.996417,32.218191
-111.002681,32.214042
-111.020083,32.216405
-111.017398,32.23004
-110.995781,32.218468
-110.995726,32.21638
-110.996277,32.215536
-111.000742,32.21645
-111.004274,32.219195
-110.997705,32.206459
-110.988694,32.208099
-110.989864,32.207928
-110.9898,32.207365
-110.981843,32.222489
-110.989671,32.206378
-110.9899,32.207937
-110.988687,32.20814
-110.989886,32.207895
-110.990182,32.208863
-110.993768,32.208725
-110.985856,32.208825
-110.995041,32.206425
-111.00618,32.21014
-111.001877,32.220877
-111.003884,32.220821
-111.006108,32.220909
-111.004538,32.219554
-111.014354,32.225999
-111.013804,32.230686
-111.02398,32.224248
-111.016174,32.229714
-111.013308,32.226969
-111.014534,32.216715
-111.014879,32.216148
-111.005648,32.21982
-111.006498,32.216275
-111.006585,32.216209
-111.003114,32.216485
-111.003155,32.216211
-111.000301,32.218
-111.002949,32.217092
-111.006188,32.219932
-110.996349,32.220493
-111.005624,32.225916
-110.998885,32.223624
-110.996219,32.22108
-110.991565,32.212503
-110.990839,32.215182
-110.988267,32.209884
-110.989211,32.208188
-110.981101,32.218046
-110.982265,32.218309
-110.988176,32.209779
-110.988563,32.209539
-110.986924,32.208936
-110.98841,32.2094
-110.991343,32.207812
-111.003809,32.216286
-111.006471,32.225787
-111.005268,32.221132
-111.004366,32.219584
-111.003274,32.22255
-111.006145,32.225046
-111.005457,32.21855
-111.005393,32.218657
-111.005604,32.216938
-110.993771,32.212603
-110.991324,32.212206
-110.990185,32.20886
-110.987629,32.2103
-110.984062,32.213733
-110.988439,32.213969
-110.99123,32.21443
-110.991274,32.214394
-110.987325,32.211446
-110.988631,32.209403
-110.988417,32.209619000000004
-111.002099,32.20745
-111.007671,32.20987
-111.008513,32.20973
-111.006035,32.211864
-110.99415,32.221477
-110.992997,32.216429
-110.995014,32.21767
-110.98178,32.215063
-110.98218,32.215597
-110.981879,32.215596
-110.981768,32.21469
-110.981981,32.215756
-110.982414,32.218118
-110.982358,32.217917
-110.98237,32.217913
-110.982527,32.227259
-110.98181,32.222791
-110.981821,32.222662
-110.981908,32.222765
-110.981219,32.221499
-110.9822,32.221631
-110.984105,32.212638
-110.99142,32.210878
-110.987869,32.210851
-110.991139,32.206127
-110.990514,32.209383
-110.994724,32.209857
-110.994531,32.210442
-111.005015,32.210461
-111.008597,32.211091
-111.005176,32.224183
-111.014654,32.226022
-111.014233,32.226029
-111.0128,32.228837
-111.013725,32.230256
-111.013715,32.230795
-111.016803,32.232103
-111.016432,32.232124
-111.023755,32.223769
-111.015074,32.231268
-111.022263,32.222326
-111.007581,32.218947
-110.997658,32.222032
-111.008228,32.224557
-111.003694,32.219687
-110.992774,32.216349
-110.989947,32.207993
-110.989479,32.208677
-110.99011,32.208842
-110.989036,32.214254
-110.992359,32.21723
-110.980984,32.221428
-110.982459,32.218062
-110.982364,32.217981
-110.990865,32.208714
-110.982423,32.217985
-110.991027,32.208097
-110.990993,32.208026
-111.021962,32.209164
-110.990282,32.211732
-110.990135,32.208854
-110.990088,32.208855
-110.984278,32.211406
-110.982189,32.222007
-110.98171,32.22436
-110.982384,32.218058
-110.983302,32.227423
-110.984809,32.232448
-110.982962,32.227179
-110.982062,32.226225
-110.982414,32.225874
-110.98107,32.22123
-110.98242,32.217984
-110.982339,32.217928
-110.981796,32.223059
-110.980959,32.221694
-110.990778,32.215207
-110.99425,32.218916
-110.998619,32.223534
-110.998249,32.217883
-110.997353,32.213156
-110.987744,32.211625
-110.984235,32.211885
-110.985905,32.214013
-111.00241,32.21767
-111.019494,32.213308
-111.011245,32.211313
-110.986885,32.211021
-110.996055,32.207587
-110.990988,32.207976
-110.98868,32.213526
-110.982562,32.213464
-110.981911,32.222677
-110.990211,32.208851
-110.9904,32.208755
-110.988362,32.209327
-110.98992200000001,32.208236
-111.001337,32.208975
-110.994004,32.214673
-110.987875,32.211709
-110.991021,32.207943
-110.981124,32.221539
-110.98162,32.222488
-110.990483,32.208711
-110.991717,32.208454
-110.990844,32.208489
-110.990951,32.207946
-110.993764,32.218289
-111.017468,32.219238
-110.990953,32.207959
-110.983451,32.213427
-110.990043,32.208849
-110.99052,32.20873
-110.990428,32.20868
-110.996387,32.209044
-111.018525,32.207124
-111.010137,32.21309
-111.00803,32.213347
-111.000578,32.225501
-110.997611,32.215065
-110.989958,32.207899
-110.991014,32.207656
-111.006237,32.225308
-111.004561,32.209697
-110.98697,32.208863
-110.989476,32.20853
-110.99142,32.207819
-110.981194,32.221712
-110.983914,32.22814
-110.989861,32.20827
-110.993612,32.214031
-110.999374,32.222439
-111.00614,32.211758
-111.010081,32.210103
-111.014638,32.232414
-111.00561,32.236199
-111.013931,32.230131
-111.013612,32.230151
-111.022177,32.224347
-111.019266,32.218644
-111.008837,32.209387
-111.008858,32.209418
-110.987771,32.2105
-110.988865,32.210728
-110.990133,32.208941
-110.990055,32.208878
-110.989187,32.208748
-110.99649,32.213589
-111.012324,32.209607
-111.021338,32.209171
-111.019963,32.218762
-111.013555,32.230785
-111.005718,32.220583
-110.995901,32.221753
-110.995246,32.213787
-110.989906,32.208023
-110.984538,32.211166
-110.982114,32.218149
-110.989328,32.208634000000004
-110.995476,32.207045
-111.004534,32.206672
-111.017004,32.20893
-111.010329,32.2175
-110.998626,32.215276
-110.987064,32.211749
-110.987563,32.210161
-110.990093,32.208915
-110.990088,32.208822
-110.989358,32.20664
-110.984379,32.211693
-110.995515,32.207047
-110.993211,32.208533
-110.98768,32.210738
-111.006512,32.208573
-111.008536,32.210992
-111.014649,32.217857
-111.01237,32.231337
-111.018526,32.218969
-110.985964,32.211149
-110.990084,32.208901
-110.981967,32.222836
-110.990985,32.207982
-110.982671,32.217275
-110.99875,32.215285
-111.009781,32.215613
-111.00977,32.215632
-111.00913,32.215217
-110.995551,32.207432
-111.004838,32.222507
-111.015938,32.210002
-110.988876,32.214133
-110.990082,32.208897
-110.991609,32.205781
-111.008228,32.211142
-111.01729,32.234632
-110.997766,32.215154
-110.991929,32.208914
-110.989952,32.207829
-110.992969,32.206222
-110.997443,32.208324
-111.001297,32.218491
-111.008265,32.215434
-111.019541,32.209419
-111.01475,32.226746
-111.012496,32.226361
-110.992044,32.206152
-111.008606,32.211004
-111.020981,32.211416
-110.996467,32.219526
-110.991304,32.207708
-110.981987,32.215778
-110.981746,32.22415
-111.005449,32.211894
-111.021347,32.210946
-111.005913,32.211522
-111.01462,32.230542
-111.009723,32.215624
-110.990499,32.207769
-110.98993,32.209079
-110.99035,32.209194
-111.006231,32.210246
-110.988658,32.213871
-110.998807,32.223904
-111.014252,32.226032
-111.019737,32.220835
-111.008531,32.21099
-110.993694,32.214206
-111.006166,32.210084
-111.014424,32.230272
-111.006179,32.211767
-110.999608,32.217326
-111.008704,32.211014
-111.010846,32.211976
-111.008508,32.209789
-111.007829,32.209611
-111.001056,32.206788
-110.994771,32.219147
-110.997882,32.209613
-110.996952,32.207857
-110.990008,32.214899
-111.001373,32.216379
-111.010243,32.213718
-111.015667,32.221897
-110.990049,32.207843
-110.9898,32.208246
-110.990059,32.208906
-110.996025,32.221796
-110.981833,32.224376
-110.991338,32.208808
-110.991415,32.208899
-111.003136,32.228724
-111.009384,32.210559
-111.012589,32.226363
-111.009884,32.215544
-110.9959,32.208818
-110.991358,32.207596
-110.990129,32.208953
-110.990026,32.208912
-111.00214,32.206853
-111.005147,32.222139
-111.002459,32.215505
-111.002474,32.215524
-111.008685,32.222602
-111.00887,32.21102
-111.007159,32.205456
-110.993785,32.216695
-110.997847,32.215374
-111.002219,32.21962
-111.003657,32.213317
-110.992319,32.206615
-110.990964,32.207993
-110.994654,32.218765
-111.020164,32.21075
-111.010852,32.210878
-110.990195,32.209019
-110.991359,32.211909
-110.998409,32.223927
-111.013955,32.231879
-111.016376,32.232161
-111.01608,32.220128
-110.988342,32.210082
-110.995433,32.207435
-110.988476,32.211038
-110.994564,32.21407
-110.987499,32.210213
-110.998788,32.215192
-110.998655,32.2162
-111.002059,32.218334
-111.00677,32.215995
-111.019545,32.22088
-111.01149,32.212841
-111.012589,32.211759
-110.998489,32.207049
-110.990994,32.207997
-110.988792,32.20902
-111.003745,32.213276
-111.004041,32.228623
-111.010021,32.215315
-110.988958,32.206981
-110.997,32.207585
-110.9921,32.205847
-110.993491,32.20654
-110.991181,32.209415
-111.004411,32.216568
-111.000335,32.206684
-110.989863,32.20793
-110.992605,32.205621
-110.995689,32.20736
-110.994527,32.210357
-111.013428,32.212516
-111.0016,32.220643
-111.001986,32.215351
-110.988744,32.209815
-110.990762,32.206067
-110.990083,32.208926
-110.988496,32.209727
-111.004211,32.213061
-111.014486,32.23035
-111.001539,32.220489
-111.016224,32.214913
-110.994045,32.21759
-110.989619,32.208046
-111.005353,32.211879
-111.020147,32.22602
-110.996272,32.20734
-110.98932,32.208515
-110.989439,32.208508
-110.988368,32.209539
-111.00576,32.21019
-111.003689,32.213309
-111.005185,32.216035
-110.999023,32.213096
-110.996197,32.221297
-111.004106,32.219055
-110.984405,32.211445
-110.989137,32.211453
-110.990579,32.209381
-110.990602,32.209298
-110.990666,32.208902
-110.990507,32.209419
-110.989158,32.206041
-110.991619,32.206146
-110.99259,32.205827
-110.991692,32.205696
-110.989724,32.207494
-110.989009,32.208291
-110.990501,32.20939
-110.990514,32.209343
-110.990552,32.209401
-110.990596,32.209341
-110.990509,32.209325
-110.990653,32.209364
-110.992652,32.208368
-110.998989,32.206614
-110.998834,32.206692
-111.002392,32.2072
-111.004411,32.208664
-111.008484,32.211843
-111.008467,32.21188
-111.008353,32.212038
-111.008566,32.211948
-111.008375,32.212413
-111.008371,32.212461
-111.008409,32.212414
-111.00865,32.212394
-111.014364,32.211533
-111.015139,32.211324
-111.016932,32.208978
-111.019508,32.209244
-111.020732,32.21485
-111.01428,32.216424
-111.007791,32.216157
-111.007285,32.215628
-111.00625,32.215454
-111.004684,32.215021
-111.000199,32.215468
-110.996559,32.215101
-110.992993,32.216902
-110.993812,32.214536
-110.994597,32.214005
-110.995618,32.214069
-110.997846,32.215832
-111.001208,32.215782
-111.001154,32.21579
-111.006085,32.211751
-111.0092,32.21137
-111.008182,32.207067
-111.004813,32.206705
-110.999835,32.206099
-110.999193,32.206639
-110.997536,32.20771
-110.99506,32.205654
-110.989701,32.208001
-110.99037,32.209024
-110.990075,32.208837
-110.988984,32.209528
-110.988614,32.210804
-110.988579,32.214049
-110.98905,32.21476
-110.989101,32.215168
-110.993968,32.216704
-110.997467,32.218794
-111.004364,32.215409
-111.006786,32.214009
-111.005843,32.215741
-111.004478,32.216291
-111.005233,32.215604
-111.00405,32.219081
-111.004062,32.219082
-111.003863,32.219143
-111.00602,32.215282
-111.004729,32.215423
-111.004791,32.218038
-111.003331,32.219276
-111.004265,32.215067
-111.004308,32.215053
-111.003452,32.217298
-110.995893,32.206345
-110.988521,32.209236
-110.999204,32.213862
-111.004393,32.215069
-111.005198,32.217106
-111.005456,32.215204
-111.000818,32.218613
-110.999007,32.220549
-111.004384,32.215045
-111.003712,32.21478
-110.998667,32.21079
-110.9992,32.212884
-111.003633,32.219322
-110.995426,32.21776
-110.990946,32.215895
-110.991278,32.211122
-111.00241,32.214927
-111.005833,32.216372
-111.00321,32.217918
-111.002305,32.219979
-111.003294,32.21942
-111.004568,32.2144
-111.003992,32.215133
-111.002628,32.221157
-110.997493,32.223658
-111.001496,32.213879
-111.005798,32.215091
-111.002389,32.207762
-110.989013,32.208182
-110.991268,32.20995
-110.999218,32.213777
-111.004079,32.214707
-111.000601,32.210647
-110.999196,32.212989
-111.004584,32.208645
-111.015065,32.210821
-111.011592,32.213765
-111.001651,32.210025
-110.990035,32.20645
-110.991601,32.213099
-111.002486,32.216033
-111.004334,32.215093
-111.004321,32.214916
-111.000839,32.216992
-110.994192,32.216108
-110.999062,32.213791
-111.003639,32.215467
-111.003667,32.219725
-111.004712,32.215351
-111.013575,32.212665
-111.0214,32.209112
-111.015162,32.216488
-111.007402,32.219315
-111.005214,32.216406
-111.004271,32.215063
-110.999912,32.209187
-110.993573,32.204623
-110.988622,32.209441
-111.001931,32.214704
-111.004599,32.215693
-111.004409,32.214977
-111.00434,32.215149
-111.004144,32.219707
-111.00452,32.219864
-111.005273,32.220846
-110.999176,32.21613
-110.996394,32.220358
-111.00896,32.226381
-110.997158,32.206487
-110.988645,32.20732
-110.989298,32.211032
-110.995817,32.213853
-111.002892,32.215405
-111.004451,32.21428
-110.996581,32.20654
-110.994049,32.205846
-111.000185,32.20747
-111.001774,32.212249
-111.005599,32.215597
-111.013471,32.216254
-111.021162,32.221545
-111.018951,32.220495
-111.009595,32.219062
-111.004432,32.217206
-110.999719,32.215228
-110.992199,32.214455
-110.989449,32.211202
-110.98912,32.212474
-110.994289,32.210289
-111.00276,32.219077
-110.996514,32.221545
-110.996743,32.218879
-111.001735,32.218863
-111.005254,32.216377
-111.004296,32.215091
-111.005417,32.214412
-110.998803,32.214202
-110.998049,32.212858
-110.998813,32.210922
-110.999298,32.212489
-111.001924,32.216473
-111.00312,32.228474
-111.003385,32.229011
-111.005301,32.227311
-111.00392,32.216215
-111.004242,32.215082
-110.995549,32.215652
-110.995695,32.218079
-110.99728,32.216788
-111.003665,32.212665
-111.00316,32.212157
-110.994281,32.205196
-110.988348,32.210669
-110.990878,32.212371
-110.997478,32.210933
-111.002063,32.218579
-110.998261,32.224179
-110.998431,32.22397
-110.998834,32.221154
-111.001274,32.218234
-111.004298,32.215063
-111.00435,32.214934
-110.996234,32.215173
-110.993577,32.215327
-110.993392,32.215669
-111.000976,32.212637
-111.004343,32.215027
-111.004163,32.214938
-111.004238,32.214964
-111.001335,32.206755
-110.999804,32.205974
-110.993518,32.20568
-110.999613,32.208046
-111.005607,32.209054
-111.004272,32.214978
-111.004302,32.21495
-111.004312,32.214969
-111.002029,32.214923
-111.004385,32.21488
-111.00418,32.214856
-111.004186,32.215097
-111.004234,32.214994
-111.004255,32.214885
-110.999954,32.2152
-110.994936,32.217252
-110.994185,32.217162
-110.989095,32.214648
-110.989088,32.214689
-110.993164,32.213996
-111.004179,32.215303
-111.004357,32.21488
-111.004293,32.214995
-111.004258,32.2149
-110.997234,32.213819
-110.996131,32.215692
-110.995598,32.216374
-111.000632,32.216843
-111.003527,32.21474
-111.004334,32.214975
-111.004214,32.214867
-111.00421,32.214938
-111.004679,32.215074
-111.003194,32.228583
-111.008732,32.226296
-111.009484,32.225938
-111.005961,32.219715
-111.004226,32.214939
-111.004336,32.21481
-111.004226,32.214933
-111.004254,32.214938
-111.004255,32.214868
-111.004085,32.214818
-111.004156,32.212738
-110.991281,32.206207
-110.988538,32.214001
-110.988429,32.213885
-110.988358,32.213894
-110.992222,32.217492
-110.994231,32.217174
-110.994052,32.217177
-110.99767,32.216962
-111.004169,32.214827
-111.004188,32.214958
-111.004038,32.214919
-111.003959,32.214675
-111.004325,32.214469
-111.015273,32.209352
-111.018434,32.212843
-111.000751,32.210127
-110.996161,32.220014
-110.999476,32.219992
-111.004293,32.214873
-111.004408,32.214754
-111.0042,32.214583
-110.99974,32.211713
-111.001445,32.20871
-110.999508,32.210429
-111.004217,32.214511
-111.004239,32.21461
-111.00421,32.214525
-111.004209,32.214592
-111.001707,32.211966
-110.99648,32.213975
-110.99733,32.214536
-110.999395,32.211852
-111.003845,32.214696000000004
-111.004221,32.214547
-111.004179,32.214554
-111.004192,32.214667
-111.004075,32.214568
-111.004241,32.214575
-111.004136,32.214612
-110.994553,32.205529
-110.989385,32.209742
-110.995159,32.21407
-111.004141,32.214572
-111.004244,32.214641
-111.004376,32.214533
-111.004437,32.214565
-111.004161,32.214616
-111.004628,32.214474
-111.000312,32.20676
-110.989623,32.207937
-110.989896,32.207131
-110.994531,32.204807
-111.001039,32.212916
-111.004129,32.214533
-111.004278,32.214557
-111.003841,32.21474
-111.004189,32.214539
-111.003701,32.213387
-111.004239,32.214601
-111.00067,32.20664
-110.989482,32.213331
-110.994265,32.218782
-110.999195,32.223859
-111.004189,32.214468
-111.004189,32.214553
-111.00417,32.214634
-111.004063,32.21445
-111.00861,32.207506
-111.015758,32.216353
-111.008734,32.219955
-111.003612,32.217799
-111.004057,32.214584
-111.004353,32.214638
-111.004518,32.21528
-111.00415,32.214565
-110.99164,32.205664
-110.989384,32.210312
-110.999115,32.213807
-111.004087,32.214491
-111.004165,32.214514
-111.002889,32.214278
-110.9959,32.214835
-110.996605,32.221531
-111.001214,32.21807
-111.003949,32.214661
-111.00424,32.214645
-111.004164,32.214601
-111.001259,32.206731
-110.999416,32.206435
-110.988885,32.207613
-110.99116,32.212589
-111.004045,32.214675
-111.004132,32.21459
-111.004154,32.214646
-111.003931,32.214645
-111.004051,32.214765
-111.003051,32.212292
-111.001345,32.20712
-111.001637,32.206774
-111.002157,32.211638
-111.004119,32.214758
-111.004074,32.21455
-111.004187,32.214513
-111.003931,32.214612
-111.014712,32.211848
-111.017361,32.21654
-111.009044,32.219967
-111.003527,32.219754
-111.004571,32.21491
-111.004624,32.214902
-111.004666,32.214967
-111.004255,32.213434
-110.991228,32.205768
-110.992736,32.206768
-111.001939,32.209197
-111.00406,32.214541
-111.004425,32.214628
-111.00435,32.214486
-110.997181,32.214129
-110.995709,32.222089
-111.002816,32.221466
-111.004302,32.214778
-111.004583,32.214894
-111.004396,32.214773
-111.004787,32.214817
-111.004254,32.21498
-111.004768,32.214208
-111.001577,32.207747
-111.00106,32.206616
-111.007456,32.207634
-111.001872,32.211588
-110.998643,32.212437
-111.003861,32.21688
-111.00462,32.214863
-111.004575,32.214984
-111.004627,32.215032
-111.004795,32.215171
-111.005262,32.215491
-111.004408,32.21464
-111.014291,32.214462
-110.995817,32.206297
-110.98952,32.206592
-110.990967,32.216009
-111.004645,32.215152
-111.004615,32.21503
-111.004774,32.215323
-111.004796,32.215173
-111.004841,32.215149
-110.996591,32.214035
-110.996656,32.221376
-110.994167,32.221327
-110.997762,32.21946
-111.004668,32.215059
-111.004533,32.215051
-111.004562,32.215085
-111.004385,32.21513
-111.003734,32.214695
-110.993721,32.216028
-110.99331,32.216499
-110.990867,32.211925
-110.992303,32.205906
-110.999146,32.211406
-111.003848,32.216611
-111.004506,32.214926
-111.004519,32.215109
-111.004565,32.215049
-111.003427,32.214172
-111.004788,32.215104
-111.004493,32.214842
-111.004575,32.214701
-111.003059,32.219792
-110.998579,32.223085
-111.004544,32.214904
-111.004227,32.214675
-111.004482,32.215185
-110.999909,32.209629
-110.991534,32.206077
-111.002563,32.21353
-111.003647,32.214083
-111.003453,32.21399
-111.003606,32.214165
-111.003568,32.214155
-111.003453,32.214009
-111.001766,32.211581
-110.996469,32.215699
-110.99659,32.215528
-111.00365,32.214106
-111.003567,32.214023
-111.003674,32.214084
-111.003703,32.214086
-111.003619,32.214165
-111.00357,32.214125
-110.996127,32.205899
-110.991633,32.205828
-110.991361,32.213314
-110.996357,32.211309
-110.99642,32.211368
