"","OBJECTID","STREET","ROADCAT_DS","SHIELD_NO","ShapeSTLen","id","area","geometry","Cross_Times","Passage_Distances"
"1",3398,"E I10","Interstate highway","10",147455.311549455,"id",2.040521108e-06,c(-111.099300311948, 32.367774673743),"2024-02-25 10:48:13 UTC",1802.27996608767
"1.1",3398,"E I10","Interstate highway","10",147455.311549455,"id",2.040521108e-06,c(-111.10235466969, 32.3707407443793),"2024-02-25 11:38:13 UTC",1557.12343630626
"1.2",3398,"E I10","Interstate highway","10",147455.311549455,"id",2.040521108e-06,c(-111.102161722343, 32.3705546540759),"2024-03-25 04:37:14 UTC",1594.562039924
"1.3",3398,"E I10","Interstate highway","10",147455.311549455,"id",2.040521108e-06,c(-111.102523527757, 32.3709036006283),"2024-03-18 12:41:09 UTC",1524.35925333283
"1.4",3398,"E I10","Interstate highway","10",147455.311549455,"id",2.040521108e-06,c(-111.103063106956, 32.3714303367434),"2024-03-25 00:00:13 UTC",1418.88411084374
"1.5",3398,"E I10","Interstate highway","10",147455.311549455,"id",2.040521108e-06,c(-111.103851970211, 32.3722110943967),"2024-03-18 12:29:10 UTC",1263.36950377504
"1.6",3398,"E I10","Interstate highway","10",147455.311549455,"id",2.040521108e-06,c(-111.104627980533, 32.3730088883382),"2024-04-26 09:45:18 UTC",1106.73099921614
"1.7",3398,"E I10","Interstate highway","10",147455.311549455,"id",2.040521108e-06,c(-111.106464189093, 32.3750184215633),"2024-05-02 15:41:11 UTC",721.122185836959
"1.8",3398,"E I10","Interstate highway","10",147455.311549455,"id",2.040521108e-06,c(-111.107001857178, 32.3756334158498),"2024-04-19 14:31:09 UTC",604.945000215012
"1.9",3398,"E I10","Interstate highway","10",147455.311549455,"id",2.040521108e-06,c(-111.107028052971, 32.3756636218641),"2024-04-19 18:01:19 UTC",599.254892564036
"1.10",3398,"E I10","Interstate highway","10",147455.311549455,"id",2.040521108e-06,c(-111.109348047428, 32.3784816230511),"2024-05-02 18:06:12 UTC",77.7635107182955
"1.11",3398,"E I10","Interstate highway","10",147455.311549455,"id",2.040521108e-06,c(-111.110880147259, 32.3803488543273),"2024-04-26 14:00:13 UTC",267.374924742697
"2",3400,"E I10 EB 244 EXIT ON RAMP","Interstate ramp","0",1710.31156148087,"id",2.040521108e-06,c(-111.106553491878, 32.3749640885454),"2024-05-02 15:39:10 UTC",721.07444569539
"2.1",3400,"E I10 EB 244 EXIT ON RAMP","Interstate ramp","0",1710.31156148087,"id",2.040521108e-06,c(-111.107099627793, 32.3754899632496),"2024-04-19 14:28:09 UTC",615.22152114392
"2.2",3400,"E I10 EB 244 EXIT ON RAMP","Interstate ramp","0",1710.31156148087,"id",2.040521108e-06,c(-111.107208701496, 32.3755949893897),"2024-04-19 18:03:19 UTC",594.080974684809
"3",3407,"E I10 EB EXIT 244 OFF RAMP","Interstate ramp","0",1581.35771092265,"id",2.040521108e-06,c(-111.111958721185, 32.3809995576001),"2024-04-26 14:09:13 UTC",428.694748567785
"4",8426,"N CASA GRANDE HY","Frontage road","0",29898.5578902051,"id",2.040521108e-06,c(-111.09930430738, 32.3675115003495),"2024-02-25 10:44:13 UTC",1773.13381577264
"4.1",8426,"N CASA GRANDE HY","Frontage road","0",29898.5578902051,"id",2.040521108e-06,c(-111.101383582634, 32.3694824775861),"2024-03-18 12:55:08 UTC",1785.1266028762
"4.2",8426,"N CASA GRANDE HY","Frontage road","0",29898.5578902051,"id",2.040521108e-06,c(-111.102469595859, 32.3704464009637),"2024-03-25 04:52:14 UTC",1584.67067411872
"4.3",8426,"N CASA GRANDE HY","Frontage road","0",29898.5578902051,"id",2.040521108e-06,c(-111.103272907411, 32.3711712987771),"2024-02-25 11:47:14 UTC",1434.93561612308
"4.4",8426,"N CASA GRANDE HY","Frontage road","0",29898.5578902051,"id",2.040521108e-06,c(-111.10343761599, 32.3713342813429),"2024-03-24 23:56:12 UTC",1402.469191903
"4.5",8426,"N CASA GRANDE HY","Frontage road","0",29898.5578902051,"id",2.040521108e-06,c(-111.104759365147, 32.3726565977752),"2024-04-26 09:40:18 UTC",1140.16452680132
"4.6",8426,"N CASA GRANDE HY","Frontage road","0",29898.5578902051,"id",2.040521108e-06,c(-111.112129809278, 32.3811030053194),"2024-04-26 14:11:13 UTC",454.312060748055
"4.7",8426,"N CASA GRANDE HY","Frontage road","0",29898.5578902051,"id",2.040521108e-06,c(-111.108785557447, 32.3769890432403),"2024-04-23 17:29:13 UTC",303.75825299241
"4.8",8426,"N CASA GRANDE HY","Frontage road","0",29898.5578902051,"id",2.040521108e-06,c(-111.107285954388, 32.3752060766488),"2024-04-19 14:21:09 UTC",636.11014442686
"4.9",8426,"N CASA GRANDE HY","Frontage road","0",29898.5578902051,"id",2.040521108e-06,c(-111.106676025714, 32.3745948882868),"2024-03-18 12:07:11 UTC",757.253682226244
"4.10",8426,"N CASA GRANDE HY","Frontage road","0",29898.5578902051,"id",2.040521108e-06,c(-111.106857078786, 32.3747759287758),"2024-05-02 15:32:10 UTC",721.336681949029
"4.11",8426,"N CASA GRANDE HY","Frontage road","0",29898.5578902051,"id",2.040521108e-06,c(-111.107774303485, 32.3757467084255),"2024-04-23 17:18:14 UTC",532.831669965396
"4.12",8426,"N CASA GRANDE HY","Frontage road","0",29898.5578902051,"id",2.040521108e-06,c(-111.107529785132, 32.3754760129691),"2024-04-19 18:06:19 UTC",584.540001727527
"4.13",8426,"N CASA GRANDE HY","Frontage road","0",29898.5578902051,"id",2.040521108e-06,c(-111.110198127281, 32.3786580513361),"2024-05-02 18:14:12 UTC",8.12469903816513
"5",8723,"N CORTARO RD","Major local road","0",9763.64456647323,"id",2.040521108e-06,c(-111.105565413993, 32.3401899147957),"2024-03-10 12:12:16 UTC",1480.66261891379
"5.1",8723,"N CORTARO RD","Major local road","0",9763.64456647323,"id",2.040521108e-06,c(-111.10407224801, 32.3421284733803),"2024-03-10 10:49:20 UTC",1140.94742713317
"5.2",8723,"N CORTARO RD","Major local road","0",9763.64456647323,"id",2.040521108e-06,c(-111.10045354779, 32.3467136127516),"2024-02-12 20:01:11 UTC",426.790763442728
"5.3",8723,"N CORTARO RD","Major local road","0",9763.64456647323,"id",2.040521108e-06,c(-111.097442484522, 32.3505611055082),"2024-01-14 12:46:16 UTC",121.817906367528
"5.4",8723,"N CORTARO RD","Major local road","0",9763.64456647323,"id",2.040521108e-06,c(-111.097423578217, 32.3505842648403),"2024-03-19 17:21:12 UTC",117.541369450597
"5.5",8723,"N CORTARO RD","Major local road","0",9763.64456647323,"id",2.040521108e-06,c(-111.096804934157, 32.3513420661449),"2024-03-16 00:39:08 UTC",0.606948621077185
"5.6",8723,"N CORTARO RD","Major local road","0",9763.64456647323,"id",2.040521108e-06,c(-111.096791697036, 32.3513582806299),"2024-03-16 00:39:08 UTC",0.661474283172712
"5.7",8723,"N CORTARO RD","Major local road","0",9763.64456647323,"id",2.040521108e-06,c(-111.096792865992, 32.3513568487468),"2024-03-16 00:39:08 UTC",0.656659220351139
"5.8",8723,"N CORTARO RD","Major local road","0",9763.64456647323,"id",2.040521108e-06,c(-111.096823979961, 32.3513187373267),"2024-03-16 00:39:08 UTC",0.528420113486756
"5.9",8723,"N CORTARO RD","Major local road","0",9763.64456647323,"id",2.040521108e-06,c(-111.09693737426, 32.3511798360697),"2024-01-15 17:54:10 UTC",7.56696821604554
"5.10",8723,"N CORTARO RD","Major local road","0",9763.64456647323,"id",2.040521108e-06,c(-111.096990964904, 32.3511141913927),"2024-04-27 16:01:14 UTC",19.6871820405669
"5.11",8723,"N CORTARO RD","Major local road","0",9763.64456647323,"id",2.040521108e-06,c(-111.097034705496, 32.3510606122317),"2024-04-27 16:00:14 UTC",29.5806741830448
"5.12",8723,"N CORTARO RD","Major local road","0",9763.64456647323,"id",2.040521108e-06,c(-111.097173672929, 32.3508903856591),"2024-03-18 18:00:10 UTC",61.0139969051596
"5.13",8723,"N CORTARO RD","Major local road","0",9763.64456647323,"id",2.040521108e-06,c(-111.097261001249, 32.3507834133567),"2024-02-18 15:24:09 UTC",80.7671729145468
"5.14",8723,"N CORTARO RD","Major local road","0",9763.64456647323,"id",2.040521108e-06,c(-111.097223081964, 32.3508298623968),"2024-03-18 16:43:08 UTC",72.1900320608445
"5.15",8723,"N CORTARO RD","Major local road","0",9763.64456647323,"id",2.040521108e-06,c(-111.097679869738, 32.3502703185586),"2024-02-12 14:52:10 UTC",175.513788915841
"5.16",8723,"N CORTARO RD","Major local road","0",9763.64456647323,"id",2.040521108e-06,c(-111.096070793112, 32.3522413232593),"2023-12-07 14:40:17 UTC",3.6295015588177
"5.17",8723,"N CORTARO RD","Major local road","0",9763.64456647323,"id",2.040521108e-06,c(-111.096021243664, 32.3523020161038),"2024-02-23 07:14:08 UTC",3.83339420613422
"5.18",8723,"N CORTARO RD","Major local road","0",9763.64456647323,"id",2.040521108e-06,c(-111.096029287286, 32.3522921635229),"2024-02-23 07:14:08 UTC",3.80029617769224
"5.19",8723,"N CORTARO RD","Major local road","0",9763.64456647323,"id",2.040521108e-06,c(-111.096029977449, 32.3522913181466),"2024-02-23 07:14:08 UTC",3.79745626688205
"5.20",8723,"N CORTARO RD","Major local road","0",9763.64456647323,"id",2.040521108e-06,c(-111.096034790509, 32.352285422659),"2024-02-23 07:14:08 UTC",3.77765121663378
"5.21",8723,"N CORTARO RD","Major local road","0",9763.64456647323,"id",2.040521108e-06,c(-111.096042619832, 32.3522758325669),"2024-02-23 07:14:08 UTC",3.74543440472874
"5.22",8723,"N CORTARO RD","Major local road","0",9763.64456647323,"id",2.040521108e-06,c(-111.096011539361, 32.35231390284),"2024-01-20 11:43:22 UTC",3.87332515163857
"5.23",8723,"N CORTARO RD","Major local road","0",9763.64456647323,"id",2.040521108e-06,c(-111.095983503091, 32.3523482442555),"2023-12-28 08:52:11 UTC",3.98868489756989
"5.24",8723,"N CORTARO RD","Major local road","0",9763.64456647323,"id",2.040521108e-06,c(-111.095731608233, 32.3526575788824),"2024-02-09 10:14:16 UTC",4.95829189777022
"5.25",8723,"N CORTARO RD","Major local road","0",9763.64456647323,"id",2.040521108e-06,c(-111.095700901203, 32.3526975310137),"2024-01-09 10:43:12 UTC",4.88766689798514
"5.26",8723,"N CORTARO RD","Major local road","0",9763.64456647323,"id",2.040521108e-06,c(-111.095702130954, 32.3526959310163),"2024-01-09 10:43:12 UTC",4.89049538592168
"5.27",8723,"N CORTARO RD","Major local road","0",9763.64456647323,"id",2.040521108e-06,c(-111.095653293349, 32.3527594722897),"2024-01-30 15:23:12 UTC",4.77815967239737
"5.28",8723,"N CORTARO RD","Major local road","0",9763.64456647323,"id",2.040521108e-06,c(-111.09560234378, 32.3528257612661),"2024-03-14 01:56:14 UTC",4.6609510745444
"5.29",8723,"N CORTARO RD","Major local road","0",9763.64456647323,"id",2.040521108e-06,c(-111.095553695486, 32.3528890560115),"2024-02-03 08:23:14 UTC",4.54902226224873
"5.30",8723,"N CORTARO RD","Major local road","0",9763.64456647323,"id",2.040521108e-06,c(-111.09555841635, 32.3528829138511),"2024-02-03 08:23:14 UTC",4.5598845237971
"5.31",8723,"N CORTARO RD","Major local road","0",9763.64456647323,"id",2.040521108e-06,c(-111.095577632723, 32.3528579120484),"2024-03-14 01:55:14 UTC",4.60409821977304
"5.32",8723,"N CORTARO RD","Major local road","0",9763.64456647323,"id",2.040521108e-06,c(-111.095477186229, 32.352988599553),"2024-02-09 08:22:19 UTC",4.37296343313384
"5.33",8723,"N CORTARO RD","Major local road","0",9763.64456647323,"id",2.040521108e-06,c(-111.095486106457, 32.3529769937671),"2024-02-09 08:22:19 UTC",4.39349194010839
"5.34",8723,"N CORTARO RD","Major local road","0",9763.64456647323,"id",2.040521108e-06,c(-111.095768304834, 32.3526118379062),"2024-02-04 15:33:13 UTC",4.87400612071396
"5.35",8723,"N CORTARO RD","Major local road","0",9763.64456647323,"id",2.040521108e-06,c(-111.095764559627, 32.3526164253464),"2024-02-04 15:33:13 UTC",4.88941152713811
"5.36",8723,"N CORTARO RD","Major local road","0",9763.64456647323,"id",2.040521108e-06,c(-111.09581364631, 32.3525562998584),"2023-12-19 14:48:12 UTC",4.6874937942413
"5.37",8723,"N CORTARO RD","Major local road","0",9763.64456647323,"id",2.040521108e-06,c(-111.095826979595, 32.3525399681139),"2023-12-19 14:48:12 UTC",4.63264508239043
"5.38",8723,"N CORTARO RD","Major local road","0",9763.64456647323,"id",2.040521108e-06,c(-111.095887703247, 32.3524655885198),"2024-01-23 04:19:10 UTC",4.38283553988293
"5.39",8723,"N CORTARO RD","Major local road","0",9763.64456647323,"id",2.040521108e-06,c(-111.095932514027, 32.3524107002937),"2023-12-29 11:02:16 UTC",4.19847631788163
"5.40",8723,"N CORTARO RD","Major local road","0",9763.64456647323,"id",2.040521108e-06,c(-111.095961420684, 32.3523752928068),"2024-01-03 07:29:11 UTC",4.07954341160877
"5.41",8723,"N CORTARO RD","Major local road","0",9763.64456647323,"id",2.040521108e-06,c(-111.096085866409, 32.3522228600414),"2023-12-07 14:39:17 UTC",3.56747322888577
"5.42",8723,"N CORTARO RD","Major local road","0",9763.64456647323,"id",2.040521108e-06,c(-111.096106331943, 32.3521977918804),"2024-03-14 05:50:13 UTC",3.48325319190219
"5.43",8723,"N CORTARO RD","Major local road","0",9763.64456647323,"id",2.040521108e-06,c(-111.096118931815, 32.3521823583323),"2024-03-14 05:50:13 UTC",3.43140086515345
"5.44",8723,"N CORTARO RD","Major local road","0",9763.64456647323,"id",2.040521108e-06,c(-111.09613624474, 32.3521611517682),"2024-03-19 00:21:11 UTC",3.36015142464691
"5.45",8723,"N CORTARO RD","Major local road","0",9763.64456647323,"id",2.040521108e-06,c(-111.096176974948, 32.3521112613772),"2024-02-10 09:07:13 UTC",3.19252412269849
"5.46",8723,"N CORTARO RD","Major local road","0",9763.64456647323,"id",2.040521108e-06,c(-111.096199088329, 32.3520841746903),"2024-02-17 09:17:18 UTC",3.10151145267249
"5.47",8723,"N CORTARO RD","Major local road","0",9763.64456647323,"id",2.040521108e-06,c(-111.096170962056, 32.3521186265666),"2024-02-10 09:07:13 UTC",3.21727107851788
"5.48",8723,"N CORTARO RD","Major local road","0",9763.64456647323,"id",2.040521108e-06,c(-111.096167858214, 32.3521224284617),"2023-12-30 09:50:14 UTC",3.23004532745802
"5.49",8723,"N CORTARO RD","Major local road","0",9763.64456647323,"id",2.040521108e-06,c(-111.096162037163, 32.3521295586628),"2023-12-30 09:50:14 UTC",3.25400243945824
"5.50",8723,"N CORTARO RD","Major local road","0",9763.64456647323,"id",2.040521108e-06,c(-111.096309447485, 32.351948995428),"2024-03-23 00:14:09 UTC",2.64726217486278
"5.51",8723,"N CORTARO RD","Major local road","0",9763.64456647323,"id",2.040521108e-06,c(-111.096272499941, 32.3519942526408),"2024-02-01 16:45:09 UTC",2.79934954284145
"5.52",8723,"N CORTARO RD","Major local road","0",9763.64456647323,"id",2.040521108e-06,c(-111.096252926569, 32.3520182281305),"2024-02-01 16:45:09 UTC",2.87991641670399
"5.53",8723,"N CORTARO RD","Major local road","0",9763.64456647323,"id",2.040521108e-06,c(-111.096333315276, 32.3519197596324),"2024-03-19 16:48:11 UTC",2.54901099108365
"5.54",8723,"N CORTARO RD","Major local road","0",9763.64456647323,"id",2.040521108e-06,c(-111.096380943699, 32.3518614192324),"2024-02-22 09:25:16 UTC",2.35294020375213
"5.55",8723,"N CORTARO RD","Major local road","0",9763.64456647323,"id",2.040521108e-06,c(-111.096341544372, 32.3519096797603),"2024-04-28 00:13:12 UTC",2.51513537750898
"5.56",8723,"N CORTARO RD","Major local road","0",9763.64456647323,"id",2.040521108e-06,c(-111.096388341079, 32.3518523581198),"2024-02-22 09:24:16 UTC",2.32248644868691
"5.57",8723,"N CORTARO RD","Major local road","0",9763.64456647323,"id",2.040521108e-06,c(-111.096396573602, 32.3518422740303),"2024-02-22 09:24:16 UTC",2.28859418656925
"5.58",8723,"N CORTARO RD","Major local road","0",9763.64456647323,"id",2.040521108e-06,c(-111.096397501821, 32.3518411370465),"2024-02-22 09:24:16 UTC",2.28477280110468
"5.59",8723,"N CORTARO RD","Major local road","0",9763.64456647323,"id",2.040521108e-06,c(-111.096550221413, 32.351654068981),"2023-12-21 13:45:15 UTC",1.65597583068781
"5.60",8723,"N CORTARO RD","Major local road","0",9763.64456647323,"id",2.040521108e-06,c(-111.096546368209, 32.3516587888284),"2024-03-23 05:22:15 UTC",1.67184234828811
"5.61",8723,"N CORTARO RD","Major local road","0",9763.64456647323,"id",2.040521108e-06,c(-111.096481675259, 32.3517380321088),"2024-03-12 08:31:11 UTC",1.9382191409212
"5.62",8723,"N CORTARO RD","Major local road","0",9763.64456647323,"id",2.040521108e-06,c(-111.096454671449, 32.3517711093941),"2024-03-12 08:31:11 UTC",2.04940187988458
"5.63",8723,"N CORTARO RD","Major local road","0",9763.64456647323,"id",2.040521108e-06,c(-111.096422853684, 32.3518100833109),"2024-03-19 01:18:11 UTC",2.18039986236321
"5.64",8723,"N CORTARO RD","Major local road","0",9763.64456647323,"id",2.040521108e-06,c(-111.096484777565, 32.3517342320552),"2024-04-28 02:14:15 UTC",1.92544575843566
"5.65",8723,"N CORTARO RD","Major local road","0",9763.64456647323,"id",2.040521108e-06,c(-111.096492484424, 32.3517247918267),"2024-04-28 02:14:15 UTC",1.89371344025366
"5.66",8723,"N CORTARO RD","Major local road","0",9763.64456647323,"id",2.040521108e-06,c(-111.096509159599, 32.3517043661853),"2024-02-05 08:48:17 UTC",1.82505371723821
"5.67",8723,"N CORTARO RD","Major local road","0",9763.64456647323,"id",2.040521108e-06,c(-111.096587949816, 32.3516078548587),"2024-01-21 10:31:14 UTC",1.50061541128728
"5.68",8723,"N CORTARO RD","Major local road","0",9763.64456647323,"id",2.040521108e-06,c(-111.096590102364, 32.3516052181661),"2024-01-21 10:31:14 UTC",1.4917512699613
"5.69",8723,"N CORTARO RD","Major local road","0",9763.64456647323,"id",2.040521108e-06,c(-111.096599221536, 32.3515940479381),"2024-03-12 09:27:12 UTC",1.45419845958252
"5.70",8723,"N CORTARO RD","Major local road","0",9763.64456647323,"id",2.040521108e-06,c(-111.09660622441, 32.3515854699956),"2024-03-12 09:27:12 UTC",1.42536025593373
"5.71",8723,"N CORTARO RD","Major local road","0",9763.64456647323,"id",2.040521108e-06,c(-111.096622717529, 32.3515652672806),"2024-02-22 09:04:16 UTC",1.35743964554517
"5.72",8723,"N CORTARO RD","Major local road","0",9763.64456647323,"id",2.040521108e-06,c(-111.094352739094, 32.3544500908048),"2024-02-01 13:09:12 UTC",232.844821255324
"5.73",8723,"N CORTARO RD","Major local road","0",9763.64456647323,"id",2.040521108e-06,c(-111.094364586867, 32.3544350604912),"2024-02-01 13:09:12 UTC",230.100091599369
"5.74",8723,"N CORTARO RD","Major local road","0",9763.64456647323,"id",2.040521108e-06,c(-111.094340403199, 32.3544657403531),"2024-02-01 13:09:12 UTC",235.702632748363
"5.75",8723,"N CORTARO RD","Major local road","0",9763.64456647323,"id",2.040521108e-06,c(-111.094309351616, 32.3545051329549),"2024-02-26 00:01:09 UTC",242.896241593512
"5.76",8723,"N CORTARO RD","Major local road","0",9763.64456647323,"id",2.040521108e-06,c(-111.094418476049, 32.3543660246993),"2024-02-03 16:12:14 UTC",217.531560468112
"5.77",8723,"N CORTARO RD","Major local road","0",9763.64456647323,"id",2.040521108e-06,c(-111.094776843369, 32.3538997799645),"2024-02-25 19:05:09 UTC",133.06158007691
"5.78",8723,"N CORTARO RD","Major local road","0",9763.64456647323,"id",2.040521108e-06,c(-111.094765370471, 32.3539147065738),"2024-02-25 19:05:09 UTC",135.765381579148
"5.79",8723,"N CORTARO RD","Major local road","0",9763.64456647323,"id",2.040521108e-06,c(-111.09465041135, 32.3540642717535),"2024-01-18 14:04:20 UTC",162.859843851085
"5.80",8723,"N CORTARO RD","Major local road","0",9763.64456647323,"id",2.040521108e-06,c(-111.095123534532, 32.35344872081),"2023-12-10 08:37:19 UTC",51.418198239613
"5.81",8723,"N CORTARO RD","Major local road","0",9763.64456647323,"id",2.040521108e-06,c(-111.094996584694, 32.3536138882904),"2024-02-16 15:17:11 UTC",81.2911253967422
"5.82",8723,"N CORTARO RD","Major local road","0",9763.64456647323,"id",2.040521108e-06,c(-111.094893133616, 32.3537484822809),"2024-01-11 13:17:09 UTC",105.659137073368
"5.83",8723,"N CORTARO RD","Major local road","0",9763.64456647323,"id",2.040521108e-06,c(-111.094866058667, 32.3537837077925),"2024-02-14 13:28:09 UTC",112.038339829948
"5.84",8723,"N CORTARO RD","Major local road","0",9763.64456647323,"id",2.040521108e-06,c(-111.095307456735, 32.3532094275716),"2024-01-16 19:22:08 UTC",8.87537042449867
"5.85",8723,"N CORTARO RD","Major local road","0",9763.64456647323,"id",2.040521108e-06,c(-111.095346334083, 32.3531588457338),"2024-03-06 23:30:09 UTC",4.07180693934803
"5.86",8723,"N CORTARO RD","Major local road","0",9763.64456647323,"id",2.040521108e-06,c(-111.095317993873, 32.3531957181093),"2024-01-16 19:22:08 UTC",6.76220572709557
"5.87",8723,"N CORTARO RD","Major local road","0",9763.64456647323,"id",2.040521108e-06,c(-111.095427134471, 32.353053720015),"2024-01-05 08:04:10 UTC",4.25776847836243
"5.88",8723,"N CORTARO RD","Major local road","0",9763.64456647323,"id",2.040521108e-06,c(-111.095411693941, 32.3530738083552),"2024-01-05 08:04:10 UTC",4.22229035531453
"5.89",8723,"N CORTARO RD","Major local road","0",9763.64456647323,"id",2.040521108e-06,c(-111.09541656993, 32.3530674643719),"2024-01-05 08:04:10 UTC",4.23351574268923
"5.90",8723,"N CORTARO RD","Major local road","0",9763.64456647323,"id",2.040521108e-06,c(-111.095272723791, 32.353254617226),"2023-12-22 14:51:09 UTC",16.5863535494571
"5.91",8723,"N CORTARO RD","Major local road","0",9763.64456647323,"id",2.040521108e-06,c(-111.095250454509, 32.3532835908745),"2023-12-22 14:51:09 UTC",21.7153729100511
"5.92",8723,"N CORTARO RD","Major local road","0",9763.64456647323,"id",2.040521108e-06,c(-111.094215203969, 32.3546245706716),"2023-12-20 16:23:14 UTC",264.707165280991
"5.93",8723,"N CORTARO RD","Major local road","0",9763.64456647323,"id",2.040521108e-06,c(-111.094003678662, 32.3548929147906),"2024-02-15 20:19:21 UTC",313.710615675233
"5.94",8723,"N CORTARO RD","Major local road","0",9763.64456647323,"id",2.040521108e-06,c(-111.09405332962, 32.3548299270286),"2024-02-14 08:11:15 UTC",302.208131400754
"5.95",8723,"N CORTARO RD","Major local road","0",9763.64456647323,"id",2.040521108e-06,c(-111.093805892008, 32.3551438280765),"2024-01-27 10:28:14 UTC",359.531156704369
"5.96",8723,"N CORTARO RD","Major local road","0",9763.64456647323,"id",2.040521108e-06,c(-111.093809778149, 32.3551388981272),"2024-01-27 10:28:14 UTC",358.630871399255
"5.97",8723,"N CORTARO RD","Major local road","0",9763.64456647323,"id",2.040521108e-06,c(-111.093838626033, 32.3551023016352),"2024-02-21 18:00:13 UTC",351.947791815184
"5.98",8723,"N CORTARO RD","Major local road","0",9763.64456647323,"id",2.040521108e-06,c(-111.093762537585, 32.3551988273356),"2024-02-15 13:03:16 UTC",369.574880312221
"5.99",8723,"N CORTARO RD","Major local road","0",9763.64456647323,"id",2.040521108e-06,c(-111.09376289693, 32.3551983714724),"2024-02-15 13:03:16 UTC",369.491632558041
"5.100",8723,"N CORTARO RD","Major local road","0",9763.64456647323,"id",2.040521108e-06,c(-111.093735798369, 32.355232759829),"2023-12-08 18:37:20 UTC",375.770846944603
"5.101",8723,"N CORTARO RD","Major local road","0",9763.64456647323,"id",2.040521108e-06,c(-111.09297146218, 32.3562058523394),"2024-03-26 17:50:16 UTC",553.276821623419
"5.102",8723,"N CORTARO RD","Major local road","0",9763.64456647323,"id",2.040521108e-06,c(-111.092701528252, 32.3565089161554),"2023-12-15 11:50:14 UTC",509.909000287241
"5.103",8723,"N CORTARO RD","Major local road","0",9763.64456647323,"id",2.040521108e-06,c(-111.093246020318, 32.3558603672146),"2023-12-24 20:15:09 UTC",490.026040957778
"5.104",8723,"N CORTARO RD","Major local road","0",9763.64456647323,"id",2.040521108e-06,c(-111.093610085749, 32.355394326103),"2024-02-22 21:14:13 UTC",405.156877141385
"5.105",8723,"N CORTARO RD","Major local road","0",9763.64456647323,"id",2.040521108e-06,c(-111.093675452614, 32.3553103170947),"2023-12-26 15:22:13 UTC",389.877071439823
"5.106",8723,"N CORTARO RD","Major local road","0",9763.64456647323,"id",2.040521108e-06,c(-111.09372606038, 32.3552452752493),"2024-02-21 15:54:17 UTC",378.047165492774
"6",12388,"N SILVERBELL RD","Major local road","0",74776.0486567459,"id",2.040521108e-06,c(-111.106058242725, 32.3510463231409),"2024-02-13 11:47:17 UTC",190.446357888663
"6.1",12388,"N SILVERBELL RD","Major local road","0",74776.0486567459,"id",2.040521108e-06,c(-111.104537101403, 32.3504499240619),"2024-03-25 14:48:11 UTC",353.673605449335
"6.2",12388,"N SILVERBELL RD","Major local road","0",74776.0486567459,"id",2.040521108e-06,c(-111.103400272863, 32.3500838743547),"2024-03-25 15:21:10 UTC",197.192479191677
"6.3",12388,"N SILVERBELL RD","Major local road","0",74776.0486567459,"id",2.040521108e-06,c(-111.104071705906, 32.3503012363386),"2024-03-14 11:31:09 UTC",289.662658124009
"6.4",12388,"N SILVERBELL RD","Major local road","0",74776.0486567459,"id",2.040521108e-06,c(-111.101524760552, 32.3493166128435),"2024-03-12 13:06:18 UTC",11.8892692948395
"6.5",12388,"N SILVERBELL RD","Major local road","0",74776.0486567459,"id",2.040521108e-06,c(-111.101561386305, 32.3493354338839),"2024-03-06 11:08:16 UTC",6.44312602830854
"6.6",12388,"N SILVERBELL RD","Major local road","0",74776.0486567459,"id",2.040521108e-06,c(-111.101585210937, 32.3493476767452),"2024-03-14 08:43:09 UTC",3.03870474578046
"6.7",12388,"N SILVERBELL RD","Major local road","0",74776.0486567459,"id",2.040521108e-06,c(-111.101745965587, 32.3494302842932),"2024-03-19 19:37:14 UTC",1.44122151971815
"6.8",12388,"N SILVERBELL RD","Major local road","0",74776.0486567459,"id",2.040521108e-06,c(-111.101837632518, 32.3494773893592),"2024-03-15 18:54:08 UTC",1.47679694296763
"6.9",12388,"N SILVERBELL RD","Major local road","0",74776.0486567459,"id",2.040521108e-06,c(-111.101811772, 32.3494641003755),"2024-03-15 18:54:08 UTC",1.46676042301171
"6.10",12388,"N SILVERBELL RD","Major local road","0",74776.0486567459,"id",2.040521108e-06,c(-111.102342995658, 32.3497031851975),"2024-03-06 15:36:18 UTC",49.3700613458959
"6.11",12388,"N SILVERBELL RD","Major local road","0",74776.0486567459,"id",2.040521108e-06,c(-111.102166289805, 32.3496252162249),"2024-03-10 14:13:15 UTC",23.7142070346613
"6.12",12388,"N SILVERBELL RD","Major local road","0",74776.0486567459,"id",2.040521108e-06,c(-111.100969203169, 32.3490243630058),"2024-03-10 09:45:15 UTC",96.0095166599862
"6.13",12388,"N SILVERBELL RD","Major local road","0",74776.0486567459,"id",2.040521108e-06,c(-111.101009982246, 32.3490460327786),"2024-02-13 08:25:15 UTC",89.8125603357752
"6.14",12388,"N SILVERBELL RD","Major local road","0",74776.0486567459,"id",2.040521108e-06,c(-111.101058846839, 32.3490719991179),"2024-03-05 09:46:13 UTC",82.3871743579752
"6.15",12388,"N SILVERBELL RD","Major local road","0",74776.0486567459,"id",2.040521108e-06,c(-111.100881275163, 32.3489776384765),"2024-03-15 15:55:09 UTC",109.371966158635
"6.16",12388,"N SILVERBELL RD","Major local road","0",74776.0486567459,"id",2.040521108e-06,c(-111.100521459674, 32.3487864330779),"2024-02-12 20:15:11 UTC",164.057675292777
"6.17",12388,"N SILVERBELL RD","Major local road","0",74776.0486567459,"id",2.040521108e-06,c(-111.100336714768, 32.348688259208),"2024-03-19 18:17:14 UTC",192.137181753782
"6.18",12388,"N SILVERBELL RD","Major local road","0",74776.0486567459,"id",2.040521108e-06,c(-111.093878439701, 32.3441012926488),"2023-12-09 15:34:29 UTC",1148.95711769422
"6.19",12388,"N SILVERBELL RD","Major local road","0",74776.0486567459,"id",2.040521108e-06,c(-111.095822616357, 32.3456723424174),"2023-12-26 18:10:23 UTC",853.74033105076
"6.20",12388,"N SILVERBELL RD","Major local road","0",74776.0486567459,"id",2.040521108e-06,c(-111.098499712981, 32.3477299820067),"2024-02-12 15:43:10 UTC",469.933821369625
"6.21",12388,"N SILVERBELL RD","Major local road","0",74776.0486567459,"id",2.040521108e-06,c(-111.106370595004, 32.3512458219887),"2024-03-05 13:21:14 UTC",140.401173792885
"6.22",12388,"N SILVERBELL RD","Major local road","0",74776.0486567459,"id",2.040521108e-06,c(-111.09183598512, 32.3429442822689),"2023-12-09 12:17:33 UTC",1416.0253990268
"6.23",12388,"N SILVERBELL RD","Major local road","0",74776.0486567459,"id",2.040521108e-06,c(-111.090289378322, 32.340981484541),"2023-12-26 19:47:18 UTC",1163.81719443828
"6.24",12388,"N SILVERBELL RD","Major local road","0",74776.0486567459,"id",2.040521108e-06,c(-111.08942042217, 32.3398803556721),"2023-12-17 15:57:13 UTC",993.319814397732
"6.25",12388,"N SILVERBELL RD","Major local road","0",74776.0486567459,"id",2.040521108e-06,c(-111.067827350845, 32.323192615727),"2023-12-06 09:32:15 UTC",1881.26166541656
"6.26",12388,"N SILVERBELL RD","Major local road","0",74776.0486567459,"id",2.040521108e-06,c(-111.065917688174, 32.3217089239115),"2024-01-05 13:47:12 UTC",2210.07889494452
"6.27",12388,"N SILVERBELL RD","Major local road","0",74776.0486567459,"id",2.040521108e-06,c(-111.065632302123, 32.3214427833435),"2023-12-18 14:50:13 UTC",2263.07783748519
"6.28",12388,"N SILVERBELL RD","Major local road","0",74776.0486567459,"id",2.040521108e-06,c(-111.072574928792, 32.3252809701833),"2023-12-18 16:02:16 UTC",1194.90955224742
"6.29",12388,"N SILVERBELL RD","Major local road","0",74776.0486567459,"id",2.040521108e-06,c(-111.074732359997, 32.3260586807334),"2024-01-05 11:38:15 UTC",900.380019909927
"6.30",12388,"N SILVERBELL RD","Major local road","0",74776.0486567459,"id",2.040521108e-06,c(-111.078033425362, 32.3279610467081),"2023-12-17 17:53:09 UTC",388.600620024358
"7",21566,"W I10","Interstate highway","10",336786.746421673,"id",2.040521108e-06,c(-111.099386564768, 32.3683108421415),"2024-02-25 10:55:13 UTC",1870.77851239746
"7.1",21566,"W I10","Interstate highway","10",336786.746421673,"id",2.040521108e-06,c(-111.10131809961, 32.3701886931423),"2024-02-25 11:27:13 UTC",1703.18038950686
"7.2",21566,"W I10","Interstate highway","10",336786.746421673,"id",2.040521108e-06,c(-111.101820817201, 32.3706781278723),"2024-03-25 04:22:14 UTC",1605.0706514674
"7.3",21566,"W I10","Interstate highway","10",336786.746421673,"id",2.040521108e-06,c(-111.102692349217, 32.3715247953373),"2024-03-25 00:05:13 UTC",1435.21233987583
"7.4",21566,"W I10","Interstate highway","10",336786.746421673,"id",2.040521108e-06,c(-111.106183367986, 32.3751876530733),"2024-05-02 15:46:11 UTC",721.471823139782
"7.5",21566,"W I10","Interstate highway","10",336786.746421673,"id",2.040521108e-06,c(-111.106801788681, 32.3759124754616),"2024-04-19 14:38:09 UTC",585.698003995004
"7.6",21566,"W I10","Interstate highway","10",336786.746421673,"id",2.040521108e-06,c(-111.106698689755, 32.3757916389797),"2024-04-19 17:57:19 UTC",608.333018032421
"7.7",21566,"W I10","Interstate highway","10",336786.746421673,"id",2.040521108e-06,c(-111.108851112754, 32.378383982759),"2024-05-02 18:01:12 UTC",127.226732723642
"7.8",21566,"W I10","Interstate highway","10",336786.746421673,"id",2.040521108e-06,c(-111.11003030742, 32.3798388757362),"2024-04-26 13:53:13 UTC",140.599988051753
"7.9",21566,"W I10","Interstate highway","10",336786.746421673,"id",2.040521108e-06,c(-111.104499316944, 32.3733543787686),"2024-04-26 09:50:18 UTC",1073.92860753011
"8",21570,"W I10 FRONTAGE RD","Frontage road","0",60500.8497494452,"id",2.040521108e-06,c(-111.101400212297, 32.3708385756572),"2024-03-25 04:02:14 UTC",1617.03816307124
"8.1",21570,"W I10 FRONTAGE RD","Frontage road","0",60500.8497494452,"id",2.040521108e-06,c(-111.102257183677, 32.3716348839948),"2024-03-25 00:11:13 UTC",1454.47252396828
"8.2",21570,"W I10 FRONTAGE RD","Frontage road","0",60500.8497494452,"id",2.040521108e-06,c(-111.105943634752, 32.3753314120488),"2024-05-02 15:51:11 UTC",721.857570564787
"8.3",21570,"W I10 FRONTAGE RD","Frontage road","0",60500.8497494452,"id",2.040521108e-06,c(-111.106620562517, 32.3761456523198),"2024-04-19 14:44:09 UTC",570.674497135726
"8.4",21570,"W I10 FRONTAGE RD","Frontage road","0",60500.8497494452,"id",2.040521108e-06,c(-111.106419428076, 32.3759029439691),"2024-04-19 17:53:19 UTC",615.690255066093
"8.5",21570,"W I10 FRONTAGE RD","Frontage road","0",60500.8497494452,"id",2.040521108e-06,c(-111.108376178475, 32.3782931015623),"2024-05-02 17:56:12 UTC",174.200459546941
"8.6",21570,"W I10 FRONTAGE RD","Frontage road","0",60500.8497494452,"id",2.040521108e-06,c(-111.109226752115, 32.3793600061648),"2024-04-26 13:47:13 UTC",21.1380025842937
"8.7",21570,"W I10 FRONTAGE RD","Frontage road","0",60500.8497494452,"id",2.040521108e-06,c(-111.104385920805, 32.37365909816),"2024-04-26 09:55:18 UTC",1044.99064228025
"9",21579,"W I10 WB EXIT 244 OFF RAMP","Interstate ramp","0",977.354271611931,"id",2.040521108e-06,c(-111.106038345249, 32.3752746052342),"2024-05-02 15:49:11 UTC",721.70674377387
"9.1",21579,"W I10 WB EXIT 244 OFF RAMP","Interstate ramp","0",977.354271611931,"id",2.040521108e-06,c(-111.106639371314, 32.3761224245884),"2024-04-19 14:43:09 UTC",572.114075821072
"9.2",21579,"W I10 WB EXIT 244 OFF RAMP","Interstate ramp","0",977.354271611931,"id",2.040521108e-06,c(-111.106469493662, 32.375882793687),"2024-04-19 17:54:19 UTC",614.395353926366
"10",21660,"W INA RD","Major local road","0",44499.603305457,"id",2.040521108e-06,c(-111.088324082803, 32.337581652237),"2023-12-17 16:11:12 UTC",785.176075358099
"10.1",21660,"W INA RD","Major local road","0",44499.603305457,"id",2.040521108e-06,c(-111.085093704255, 32.3375930044988),"2023-12-12 14:09:14 UTC",368.93647449709
"10.2",21660,"W INA RD","Major local road","0",44499.603305457,"id",2.040521108e-06,c(-111.084849902273, 32.337593612892),"2024-01-19 17:47:16 UTC",337.531945629851
"10.3",21660,"W INA RD","Major local road","0",44499.603305457,"id",2.040521108e-06,c(-111.081990042185, 32.3376007144422),"2023-12-27 23:25:11 UTC",12.1977575287373
"10.4",21660,"W INA RD","Major local road","0",44499.603305457,"id",2.040521108e-06,c(-111.08187554801, 32.3376009973757),"2023-12-30 00:21:12 UTC",12.1685242931889
"10.5",21660,"W INA RD","Major local road","0",44499.603305457,"id",2.040521108e-06,c(-111.081882848207, 32.3376009793389),"2023-12-30 00:21:12 UTC",12.1703877978012
"10.6",21660,"W INA RD","Major local road","0",44499.603305457,"id",2.040521108e-06,c(-111.081817414298, 32.3376011409939),"2023-12-20 20:24:10 UTC",12.1536866817229
"10.7",21660,"W INA RD","Major local road","0",44499.603305457,"id",2.040521108e-06,c(-111.081825570705, 32.3376011208453),"2023-12-20 20:24:10 UTC",12.1557682430496
"10.8",21660,"W INA RD","Major local road","0",44499.603305457,"id",2.040521108e-06,c(-111.082135194818, 32.337600355598),"2024-01-30 11:42:18 UTC",12.2348388667811
"10.9",21660,"W INA RD","Major local road","0",44499.603305457,"id",2.040521108e-06,c(-111.082189449288, 32.337600221418),"2023-12-27 11:51:18 UTC",12.2487032009737
"10.10",21660,"W INA RD","Major local road","0",44499.603305457,"id",2.040521108e-06,c(-111.082429486918, 32.3375996274595),"2024-01-21 14:54:35 UTC",28.1487675047636
"10.11",21660,"W INA RD","Major local road","0",44499.603305457,"id",2.040521108e-06,c(-111.082545179996, 32.3375993410218),"2024-01-14 18:01:09 UTC",42.0764062137489
"10.12",21660,"W INA RD","Major local road","0",44499.603305457,"id",2.040521108e-06,c(-111.082518760007, 32.3375994064428),"2024-01-14 18:01:09 UTC",38.8314936044252
"10.13",21660,"W INA RD","Major local road","0",44499.603305457,"id",2.040521108e-06,c(-111.082984580376, 32.3375982521739),"2024-01-17 10:58:13 UTC",97.6587486499416
"10.14",21660,"W INA RD","Major local road","0",44499.603305457,"id",2.040521108e-06,c(-111.08330059951, 32.337597468127),"2024-01-05 10:00:12 UTC",138.163511755127
"10.15",21660,"W INA RD","Major local road","0",44499.603305457,"id",2.040521108e-06,c(-111.080165305072, 32.3376047471376),"2024-01-14 20:16:10 UTC",11.6630527302651
"10.16",21660,"W INA RD","Major local road","0",44499.603305457,"id",2.040521108e-06,c(-111.080221347781, 32.3376048965141),"2024-01-06 04:32:17 UTC",11.7208453113123
"10.17",21660,"W INA RD","Major local road","0",44499.603305457,"id",2.040521108e-06,c(-111.080088362322, 32.3376045420137),"2024-01-21 15:26:31 UTC",11.583712921023
"10.18",21660,"W INA RD","Major local road","0",44499.603305457,"id",2.040521108e-06,c(-111.080103315846, 32.3376045818824),"2024-01-21 15:26:31 UTC",11.5991318145827
"10.19",21660,"W INA RD","Major local road","0",44499.603305457,"id",2.040521108e-06,c(-111.079606592629, 32.3376032565885),"2024-01-11 08:16:10 UTC",54.5541616478238
"10.20",21660,"W INA RD","Major local road","0",44499.603305457,"id",2.040521108e-06,c(-111.079290601854, 32.3376024124891),"2023-12-13 09:18:12 UTC",94.7577894723317
"10.21",21660,"W INA RD","Major local road","0",44499.603305457,"id",2.040521108e-06,c(-111.079426024581, 32.3376027743374),"2024-02-05 11:19:15 UTC",77.4605236936252
"10.22",21660,"W INA RD","Major local road","0",44499.603305457,"id",2.040521108e-06,c(-111.079491082477, 32.3376029481201),"2023-12-23 11:03:20 UTC",69.179121336318
"10.23",21660,"W INA RD","Major local road","0",44499.603305457,"id",2.040521108e-06,c(-111.080530462635, 32.337604313555),"2024-01-25 18:20:11 UTC",11.8261439457638
"10.24",21660,"W INA RD","Major local road","0",44499.603305457,"id",2.040521108e-06,c(-111.0805505241, 32.3376042642002),"2023-12-27 05:30:16 UTC",11.8312361595914
"10.25",21660,"W INA RD","Major local road","0",44499.603305457,"id",2.040521108e-06,c(-111.080601001, 32.337604140004),"2024-01-22 08:14:20 UTC",11.8440506488669
"10.26",21660,"W INA RD","Major local road","0",44499.603305457,"id",2.040521108e-06,c(-111.080489663927, 32.3376044139173),"2024-01-12 11:05:12 UTC",11.8157893224777
"10.27",21660,"W INA RD","Major local road","0",44499.603305457,"id",2.040521108e-06,c(-111.080417173972, 32.3376045922057),"2024-01-08 14:15:18 UTC",11.7973959351363
"10.28",21660,"W INA RD","Major local road","0",44499.603305457,"id",2.040521108e-06,c(-111.081033262624, 32.33760307562),"2024-01-22 16:44:19 UTC",11.9539002150204
"10.29",21660,"W INA RD","Major local road","0",44499.603305457,"id",2.040521108e-06,c(-111.08092734965, 32.3376033365523),"2023-12-14 19:26:11 UTC",11.9269662642267
"10.30",21660,"W INA RD","Major local road","0",44499.603305457,"id",2.040521108e-06,c(-111.08095458268, 32.3376032694681),"2023-12-27 04:26:16 UTC",11.9338905505734
"10.31",21660,"W INA RD","Major local road","0",44499.603305457,"id",2.040521108e-06,c(-111.080724167826, 32.337603836873),"2023-12-21 04:42:15 UTC",11.8753302966682
"10.32",21660,"W INA RD","Major local road","0",44499.603305457,"id",2.040521108e-06,c(-111.080706032336, 32.3376038815145),"2023-12-21 04:42:15 UTC",11.8707235530741
"10.33",21660,"W INA RD","Major local road","0",44499.603305457,"id",2.040521108e-06,c(-111.080704597952, 32.3376038850452),"2023-12-21 04:42:15 UTC",11.8703592110616
"10.34",21660,"W INA RD","Major local road","0",44499.603305457,"id",2.040521108e-06,c(-111.081083667807, 32.3376029514084),"2023-12-18 18:18:17 UTC",11.96672261885
"10.35",21660,"W INA RD","Major local road","0",44499.603305457,"id",2.040521108e-06,c(-111.08114629711, 32.3376027970453),"2024-01-17 00:38:23 UTC",11.9826584722767
"10.36",21660,"W INA RD","Major local road","0",44499.603305457,"id",2.040521108e-06,c(-111.081387022168, 32.3376022034398),"2023-12-24 03:31:22 UTC",12.0439494908867
"10.37",21660,"W INA RD","Major local road","0",44499.603305457,"id",2.040521108e-06,c(-111.08145952687, 32.3376020245604),"2024-01-13 04:48:10 UTC",12.0624221031984
"10.38",21660,"W INA RD","Major local road","0",44499.603305457,"id",2.040521108e-06,c(-111.081596507494, 32.3376016864967),"2023-12-14 17:48:10 UTC",12.0973371804036
"10.39",21660,"W INA RD","Major local road","0",44499.603305457,"id",2.040521108e-06,c(-111.08178586012, 32.3376012189367),"2024-01-13 07:08:22 UTC",12.1456345508518
"10.40",21660,"W INA RD","Major local road","0",44499.603305457,"id",2.040521108e-06,c(-111.081682871339, 32.3376014732774),"2023-12-31 11:54:12 UTC",12.1193608681044
"10.41",21660,"W INA RD","Major local road","0",44499.603305457,"id",2.040521108e-06,c(-111.081690429795, 32.3376014546139),"2023-12-31 11:54:12 UTC",12.1212887317097
"10.42",21660,"W INA RD","Major local road","0",44499.603305457,"id",2.040521108e-06,c(-111.081703025346, 32.3376014235117),"2023-12-31 11:54:12 UTC",12.1245015007145
"10.43",21660,"W INA RD","Major local road","0",44499.603305457,"id",2.040521108e-06,c(-111.076694191885, 32.3375954469305),"2023-12-06 16:19:13 UTC",428.886081969899
"10.44",21660,"W INA RD","Major local road","0",44499.603305457,"id",2.040521108e-06,c(-111.077023420465, 32.3375963331175),"2024-01-27 16:12:10 UTC",386.465135046659
"10.45",21660,"W INA RD","Major local road","0",44499.603305457,"id",2.040521108e-06,c(-111.077086716248, 32.3375965033932),"2024-01-27 17:50:07 UTC",378.309957568122
"10.46",21660,"W INA RD","Major local road","0",44499.603305457,"id",2.040521108e-06,c(-111.078812755038, 32.337601134531),"2024-01-05 20:19:11 UTC",156.074415814563
"10.47",21660,"W INA RD","Major local road","0",44499.603305457,"id",2.040521108e-06,c(-111.078102139141, 32.3375992307222),"2024-01-25 19:35:11 UTC",247.514610540413
"10.48",21660,"W INA RD","Major local road","0",44499.603305457,"id",2.040521108e-06,c(-111.075249627631, 32.3375915484803),"2024-01-08 20:24:11 UTC",615.047028764549
"11",24436,"W TWIN PEAKS RD","Major local road","0",30727.3840693367,"id",2.040521108e-06,c(-111.117838178272, 32.3747692046994),"2024-04-04 11:47:09 UTC",303.629934226355
"11.1",24436,"W TWIN PEAKS RD","Major local road","0",30727.3840693367,"id",2.040521108e-06,c(-111.117852303596, 32.3747645533433),"2024-04-04 11:47:09 UTC",305.569083959864
"11.2",24436,"W TWIN PEAKS RD","Major local road","0",30727.3840693367,"id",2.040521108e-06,c(-111.117865793593, 32.3747601111937),"2024-04-06 19:10:17 UTC",307.421150392901
"11.3",24436,"W TWIN PEAKS RD","Major local road","0",30727.3840693367,"id",2.040521108e-06,c(-111.117598852908, 32.3748480123096),"2024-03-30 11:20:19 UTC",270.800001888298
"11.4",24436,"W TWIN PEAKS RD","Major local road","0",30727.3840693367,"id",2.040521108e-06,c(-111.111988716515, 32.377579036058),"2024-03-24 15:54:11 UTC",146.15108962736
"11.5",24436,"W TWIN PEAKS RD","Major local road","0",30727.3840693367,"id",2.040521108e-06,c(-111.112730653438, 32.3771717762128),"2024-03-13 16:17:10 UTC",33.0022891693395
"11.6",24436,"W TWIN PEAKS RD","Major local road","0",30727.3840693367,"id",2.040521108e-06,c(-111.112709263941, 32.3771820661365),"2024-03-13 16:17:10 UTC",36.057152750851
"11.7",24436,"W TWIN PEAKS RD","Major local road","0",30727.3840693367,"id",2.040521108e-06,c(-111.112560595656, 32.377259721383),"2024-03-13 12:11:13 UTC",58.205853339982
"11.8",24436,"W TWIN PEAKS RD","Major local road","0",30727.3840693367,"id",2.040521108e-06,c(-111.112573122042, 32.3772527270909),"2024-03-13 12:11:13 UTC",56.2861135776134
"11.9",24436,"W TWIN PEAKS RD","Major local road","0",30727.3840693367,"id",2.040521108e-06,c(-111.112805207423, 32.3771359102077),"2024-02-11 09:47:17 UTC",22.5937704568006
"11.10",24436,"W TWIN PEAKS RD","Major local road","0",30727.3840693367,"id",2.040521108e-06,c(-111.112888560867, 32.377095810924),"2024-04-22 09:40:17 UTC",12.3198869385114
"11.11",24436,"W TWIN PEAKS RD","Major local road","0",30727.3840693367,"id",2.040521108e-06,c(-111.112945930232, 32.3770682118861),"2024-03-26 13:12:11 UTC",9.03676071416472
"11.12",24436,"W TWIN PEAKS RD","Major local road","0",30727.3840693367,"id",2.040521108e-06,c(-111.113052000928, 32.3770171837776),"2024-02-03 21:53:13 UTC",8.84374372749392
"11.13",24436,"W TWIN PEAKS RD","Major local road","0",30727.3840693367,"id",2.040521108e-06,c(-111.113040817979, 32.377022563631),"2024-04-27 07:10:21 UTC",8.86409137480908
"11.14",24436,"W TWIN PEAKS RD","Major local road","0",30727.3840693367,"id",2.040521108e-06,c(-111.117272251084, 32.374979823719),"2024-03-11 13:53:12 UTC",224.305420653695
"11.15",24436,"W TWIN PEAKS RD","Major local road","0",30727.3840693367,"id",2.040521108e-06,c(-111.117059462432, 32.3750832523513),"2024-04-21 16:41:10 UTC",192.74073978389
"11.16",24436,"W TWIN PEAKS RD","Major local road","0",30727.3840693367,"id",2.040521108e-06,c(-111.116577662418, 32.3753174351835),"2024-04-30 11:40:09 UTC",121.282678509699
"11.17",24436,"W TWIN PEAKS RD","Major local road","0",30727.3840693367,"id",2.040521108e-06,c(-111.116171927757, 32.3755146434668),"2024-03-11 12:15:12 UTC",61.1504391973496
"11.18",24436,"W TWIN PEAKS RD","Major local road","0",30727.3840693367,"id",2.040521108e-06,c(-111.114609704504, 32.3762677933655),"2024-02-05 17:37:10 UTC",6.01208823567133
"11.19",24436,"W TWIN PEAKS RD","Major local road","0",30727.3840693367,"id",2.040521108e-06,c(-111.114704653003, 32.3762221138878),"2024-05-03 09:49:13 UTC",5.83965556454574
"11.20",24436,"W TWIN PEAKS RD","Major local road","0",30727.3840693367,"id",2.040521108e-06,c(-111.114779917193, 32.376185904397),"2024-04-09 08:07:13 UTC",5.70298464256287
"11.21",24436,"W TWIN PEAKS RD","Major local road","0",30727.3840693367,"id",2.040521108e-06,c(-111.114820513611, 32.3761663734899),"2024-03-01 17:58:17 UTC",5.62927136750542
"11.22",24436,"W TWIN PEAKS RD","Major local road","0",30727.3840693367,"id",2.040521108e-06,c(-111.115090467847, 32.3760364981561),"2024-03-26 09:18:13 UTC",5.13918980367292
"11.23",24436,"W TWIN PEAKS RD","Major local road","0",30727.3840693367,"id",2.040521108e-06,c(-111.115062505827, 32.3760499507644),"2024-03-26 09:18:13 UTC",5.18994547593696
"11.24",24436,"W TWIN PEAKS RD","Major local road","0",30727.3840693367,"id",2.040521108e-06,c(-111.115632771997, 32.3757755920585),"2024-02-21 06:19:14 UTC",4.1551504684989
"11.25",24436,"W TWIN PEAKS RD","Major local road","0",30727.3840693367,"id",2.040521108e-06,c(-111.114588893686, 32.3762778053803),"2024-02-05 17:37:10 UTC",6.04988462429422
"11.26",24436,"W TWIN PEAKS RD","Major local road","0",30727.3840693367,"id",2.040521108e-06,c(-111.114534619959, 32.3763039162629),"2024-02-16 11:31:10 UTC",6.14846037442938
"11.27",24436,"W TWIN PEAKS RD","Major local road","0",30727.3840693367,"id",2.040521108e-06,c(-111.114520758868, 32.3763105847744),"2024-02-16 11:31:10 UTC",6.17363687281211
"11.28",24436,"W TWIN PEAKS RD","Major local road","0",30727.3840693367,"id",2.040521108e-06,c(-111.114482510272, 32.3763289859979),"2024-02-16 11:31:10 UTC",6.24311159830162
"11.29",24436,"W TWIN PEAKS RD","Major local road","0",30727.3840693367,"id",2.040521108e-06,c(-111.114449923932, 32.3763446631205),"2024-04-03 04:48:22 UTC",6.30230387637283
"11.30",24436,"W TWIN PEAKS RD","Major local road","0",30727.3840693367,"id",2.040521108e-06,c(-111.114351345754, 32.3763920884984),"2024-03-29 14:08:19 UTC",6.48138259095102
"11.31",24436,"W TWIN PEAKS RD","Major local road","0",30727.3840693367,"id",2.040521108e-06,c(-111.114347432587, 32.376393971097),"2024-03-29 14:08:19 UTC",6.48849174186408
"11.32",24436,"W TWIN PEAKS RD","Major local road","0",30727.3840693367,"id",2.040521108e-06,c(-111.114392461158, 32.3763723081363),"2024-04-03 04:48:22 UTC",6.406689144546
"11.33",24436,"W TWIN PEAKS RD","Major local road","0",30727.3840693367,"id",2.040521108e-06,c(-111.114398462429, 32.3763694209608),"2024-04-03 04:48:22 UTC",6.39578707418213
"11.34",24436,"W TWIN PEAKS RD","Major local road","0",30727.3840693367,"id",2.040521108e-06,c(-111.114408149691, 32.376364760476),"2024-04-03 04:48:22 UTC",6.3781890925987
"11.35",24436,"W TWIN PEAKS RD","Major local road","0",30727.3840693367,"id",2.040521108e-06,c(-111.114302879601, 32.3764154052313),"2024-04-24 07:45:13 UTC",6.56943464074538
"11.36",24436,"W TWIN PEAKS RD","Major local road","0",30727.3840693367,"id",2.040521108e-06,c(-111.114268539483, 32.3764319260071),"2024-03-18 10:18:14 UTC",6.6318259286351
"11.37",24436,"W TWIN PEAKS RD","Major local road","0",30727.3840693367,"id",2.040521108e-06,c(-111.11424873679, 32.3764414529288),"2024-01-09 14:40:11 UTC",6.66780585812994
"11.38",24436,"W TWIN PEAKS RD","Major local road","0",30727.3840693367,"id",2.040521108e-06,c(-111.114220156578, 32.3764552026376),"2024-02-20 20:41:13 UTC",6.71973533400394
"11.39",24436,"W TWIN PEAKS RD","Major local road","0",30727.3840693367,"id",2.040521108e-06,c(-111.114215259735, 32.3764575584682),"2024-02-20 20:41:13 UTC",6.72863294075993
"11.40",24436,"W TWIN PEAKS RD","Major local road","0",30727.3840693367,"id",2.040521108e-06,c(-111.114210297851, 32.376459945589),"2024-02-20 20:41:13 UTC",6.73764878074
"11.41",24436,"W TWIN PEAKS RD","Major local road","0",30727.3840693367,"id",2.040521108e-06,c(-111.114161990415, 32.3764831858756),"2024-03-09 14:10:15 UTC",6.82542710265643
"11.42",24436,"W TWIN PEAKS RD","Major local road","0",30727.3840693367,"id",2.040521108e-06,c(-111.114166607954, 32.3764809644193),"2024-03-09 14:10:15 UTC",6.81703646450709
"11.43",24436,"W TWIN PEAKS RD","Major local road","0",30727.3840693367,"id",2.040521108e-06,c(-111.114139114492, 32.3764941912724),"2024-04-16 00:25:23 UTC",6.86699615878971
"11.44",24436,"W TWIN PEAKS RD","Major local road","0",30727.3840693367,"id",2.040521108e-06,c(-111.114119468414, 32.3765036428147),"2024-03-24 08:36:11 UTC",6.90269699106758
"11.45",24436,"W TWIN PEAKS RD","Major local road","0",30727.3840693367,"id",2.040521108e-06,c(-111.114071005803, 32.3765269576968),"2024-01-09 15:16:11 UTC",6.99076673589265
"11.46",24436,"W TWIN PEAKS RD","Major local road","0",30727.3840693367,"id",2.040521108e-06,c(-111.114028024648, 32.3765476354797),"2023-12-15 18:00:10 UTC",7.06887940223925
"11.47",24436,"W TWIN PEAKS RD","Major local road","0",30727.3840693367,"id",2.040521108e-06,c(-111.113982498206, 32.3765695377472),"2023-12-15 18:00:10 UTC",7.15162213091457
"11.48",24436,"W TWIN PEAKS RD","Major local road","0",30727.3840693367,"id",2.040521108e-06,c(-111.113873692346, 32.3766218829329),"2024-01-31 14:27:09 UTC",7.34939102801033
"11.49",24436,"W TWIN PEAKS RD","Major local road","0",30727.3840693367,"id",2.040521108e-06,c(-111.11387210617, 32.3766226460214),"2024-01-31 14:27:09 UTC",7.35227429847664
"11.50",24436,"W TWIN PEAKS RD","Major local road","0",30727.3840693367,"id",2.040521108e-06,c(-111.113863204707, 32.3766269284011),"2024-01-31 14:27:09 UTC",7.36845502652128
"11.51",24436,"W TWIN PEAKS RD","Major local road","0",30727.3840693367,"id",2.040521108e-06,c(-111.113864213247, 32.3766264432056),"2024-01-31 14:27:09 UTC",7.3666217336483
"11.52",24436,"W TWIN PEAKS RD","Major local road","0",30727.3840693367,"id",2.040521108e-06,c(-111.11388172855, 32.3766180168171),"2024-01-31 14:27:09 UTC",7.33478330561769
"11.53",24436,"W TWIN PEAKS RD","Major local road","0",30727.3840693367,"id",2.040521108e-06,c(-111.113905409339, 32.3766066242863),"2024-04-14 09:04:09 UTC",7.29173861202434
"11.54",24436,"W TWIN PEAKS RD","Major local road","0",30727.3840693367,"id",2.040521108e-06,c(-111.113911832884, 32.3766035339979),"2024-04-14 09:04:09 UTC",7.28006271238656
"11.55",24436,"W TWIN PEAKS RD","Major local road","0",30727.3840693367,"id",2.040521108e-06,c(-111.113925735192, 32.3765968457672),"2024-04-14 09:04:09 UTC",7.2547931688214
"11.56",24436,"W TWIN PEAKS RD","Major local road","0",30727.3840693367,"id",2.040521108e-06,c(-111.113544373325, 32.3767803133986),"2023-12-15 16:30:11 UTC",7.94812638723036
"11.57",24436,"W TWIN PEAKS RD","Major local road","0",30727.3840693367,"id",2.040521108e-06,c(-111.11351677494, 32.3767935905056),"2023-12-15 16:30:11 UTC",7.99831362634425
"11.58",24436,"W TWIN PEAKS RD","Major local road","0",30727.3840693367,"id",2.040521108e-06,c(-111.113644140344, 32.3767323171238),"2024-04-15 12:24:13 UTC",7.76671524434719
"11.59",24436,"W TWIN PEAKS RD","Major local road","0",30727.3840693367,"id",2.040521108e-06,c(-111.113690439037, 32.3767100435386),"2024-01-07 19:20:19 UTC",7.68253537558695
"11.60",24436,"W TWIN PEAKS RD","Major local road","0",30727.3840693367,"id",2.040521108e-06,c(-111.113720786168, 32.3766954439882),"2024-01-07 19:20:19 UTC",7.6273609920338
"11.61",24436,"W TWIN PEAKS RD","Major local road","0",30727.3840693367,"id",2.040521108e-06,c(-111.11372473679, 32.3766935434025),"2024-01-07 19:20:19 UTC",7.62017848072591
"11.62",24436,"W TWIN PEAKS RD","Major local road","0",30727.3840693367,"id",2.040521108e-06,c(-111.113784585601, 32.3766647509969),"2024-02-20 11:30:13 UTC",7.5113731365248
"11.63",24436,"W TWIN PEAKS RD","Major local road","0",30727.3840693367,"id",2.040521108e-06,c(-111.113794630739, 32.3766599184207),"2024-04-10 18:51:12 UTC",7.49311179743733
"11.64",24436,"W TWIN PEAKS RD","Major local road","0",30727.3840693367,"id",2.040521108e-06,c(-111.11382022628, 32.3766476047552),"2024-03-21 07:36:15 UTC",7.44658191941139
"11.65",24436,"W TWIN PEAKS RD","Major local road","0",30727.3840693367,"id",2.040521108e-06,c(-111.113824056116, 32.3766457622725),"2024-03-21 07:36:15 UTC",7.4396198190909
"11.66",24436,"W TWIN PEAKS RD","Major local road","0",30727.3840693367,"id",2.040521108e-06,c(-111.113428876217, 32.3768358769994),"2024-02-08 07:45:13 UTC",8.1581670011487
"11.67",24436,"W TWIN PEAKS RD","Major local road","0",30727.3840693367,"id",2.040521108e-06,c(-111.113342639098, 32.3768773640275),"2024-03-20 12:27:11 UTC",8.31501469299363
"11.68",24436,"W TWIN PEAKS RD","Major local road","0",30727.3840693367,"id",2.040521108e-06,c(-111.113339242144, 32.376878998235),"2024-03-20 12:27:11 UTC",8.32119338699004
"11.69",24436,"W TWIN PEAKS RD","Major local road","0",30727.3840693367,"id",2.040521108e-06,c(-111.113297910183, 32.3768988822144),"2024-04-05 09:46:11 UTC",8.39637373759977
"11.70",24436,"W TWIN PEAKS RD","Major local road","0",30727.3840693367,"id",2.040521108e-06,c(-111.113219205874, 32.3769367452217),"2024-02-03 18:25:11 UTC",8.53954228625665
"11.71",24436,"W TWIN PEAKS RD","Major local road","0",30727.3840693367,"id",2.040521108e-06,c(-111.113157814042, 32.3769662794997),"2023-12-28 20:31:15 UTC",8.65122748037866
"11.72",24436,"W TWIN PEAKS RD","Major local road","0",30727.3840693367,"id",2.040521108e-06,c(-111.110095675036, 32.3786360005348),"2024-05-02 18:13:12 UTC",2.42720716465225
"11.73",24436,"W TWIN PEAKS RD","Major local road","0",30727.3840693367,"id",2.040521108e-06,c(-111.111554525531, 32.3778214678854),"2024-02-08 05:03:15 UTC",213.026221463819
"11.74",24436,"W TWIN PEAKS RD","Major local road","0",30727.3840693367,"id",2.040521108e-06,c(-111.111314609217, 32.3779554246764),"2024-03-18 11:31:14 UTC",180.409544044262
"11.75",24436,"W TWIN PEAKS RD","Major local road","0",30727.3840693367,"id",2.040521108e-06,c(-111.111323808003, 32.3779502885684),"2024-03-18 11:31:14 UTC",181.827090428977
"11.76",24436,"W TWIN PEAKS RD","Major local road","0",30727.3840693367,"id",2.040521108e-06,c(-111.111004450703, 32.3781285997966),"2024-03-09 19:40:11 UTC",132.614912478637
"11.77",24436,"W TWIN PEAKS RD","Major local road","0",30727.3840693367,"id",2.040521108e-06,c(-111.111110549943, 32.3780693600911),"2024-04-08 15:50:14 UTC",148.964202438408
"11.78",24436,"W TWIN PEAKS RD","Major local road","0",30727.3840693367,"id",2.040521108e-06,c(-111.110198593549, 32.3785785382297),"2024-04-23 17:44:11 UTC",8.66629308571103
"11.79",24436,"W TWIN PEAKS RD","Major local road","0",30727.3840693367,"id",2.040521108e-06,c(-111.109033951768, 32.3792457299004),"2024-04-26 13:45:13 UTC",7.44887263681018
