"","Distance","Timestamp","Speed"
"1",175.290907849942,2022-01-12 07:00:09,0.0840444358120903
"2",17.1949440532927,2022-01-12 20:00:26,0.0841013760621955
"3",29.2876304449652,2022-01-13 09:00:19,0.0834815183750088
"4",6.78367162716926,2022-01-13 11:00:51,0.0736257937257476
"5",72.510869096102,2022-01-13 22:00:08,0.0844404135176624
"6",128.336162927942,2022-01-15 00:00:11,0.084233905551828
"7",201.097526121326,2022-01-15 13:00:08,0.084121430358046
"8",154.098463748916,2022-01-16 15:00:14,0.0842591491773605
"9",31.1875411148848,2022-01-17 04:00:14,0.0839658490969054
"10",138.258593997583,2022-01-17 17:00:09,0.0843859186863889
"11",127.648516585618,2022-01-18 07:00:08,0.0825012007160389
"12",59.4437484705168,2022-01-18 13:00:08,0.0838684811937058
"13",69.4743920435603,2022-01-19 01:00:08,0.0827862736628081
"14",10.9643822710609,2022-01-19 07:00:08,0.0879195474275208
"15",108.816678058064,2022-01-19 13:00:09,0.0859874829059307
"16",11.1113538699698,2022-01-19 19:00:22,0.0852599970765186
"17",70.0098281945669,2022-01-20 07:00:07,0.0879874587458368
"18",69.3936997245581,2022-01-20 13:00:08,0.073669295035794
"19",128.220609047706,2022-01-20 15:02:24,0.0915399208802949
"20",79.8130462680546,2022-01-20 19:00:15,0.0801259343926605
"21",13.3767409476122,2022-01-21 01:00:26,0.0833869646076346
"22",64.3881360129497,2022-01-21 07:00:14,0.0825745063553436
"23",116.060431794176,2022-01-21 13:00:10,0.0895310757374553
"24",125.692155720631,2022-01-21 19:00:13,0.0852122091455967
"25",9.72453951158598,2022-01-22 01:00:12,0.0823386941568189
"26",88.2419626639622,2022-01-22 07:00:11,0.0809389434315603
"27",24.3574225925065,2022-01-22 13:00:09,0.0814067346043757
"28",110.051220658769,2022-01-22 19:00:13,0.0829270402171344
"29",38.8101744647727,2022-01-23 07:00:08,0.0826085732005702
"30",39.5018169241085,2022-01-23 13:00:10,0.101108694344632
"31",31.162326941502,2022-01-23 19:00:11,0.0847945806992018
"32",41.2997566662094,2022-01-24 07:00:10,0.0861063340698801
"33",34.4852312366719,2022-01-24 13:00:08,0.082105488371654
"34",190.820575300172,2022-01-24 19:00:08,0.0916960318997046
"35",407.904257779712,2022-01-25 01:00:14,0.0854859238533494
"36",192.377225361551,2022-01-25 07:00:09,0.087296955723535
"37",63.114039780972,2022-01-25 13:00:10,0.0922640557302532
"38",200.431327829732,2022-01-25 19:00:09,0.0848958520495854
"39",88.2563882883064,2022-01-26 01:00:25,0.0832493783087445
"40",57.8004575743588,2022-01-26 07:00:10,0.0844107273227184
"41",33.3330209099437,2022-01-26 13:00:08,0.0885422601073396
"42",18.1353527826846,2022-01-26 19:00:08,0.0828543748843677
"43",94.3421954019963,2022-01-27 01:00:09,0.0851424707443313
"44",74.9465309782899,2022-01-27 11:00:08,0.0839567812100557
"45",61.578034333555,2022-01-27 19:00:50,0.0829433357156707
"46",52.5949074655958,2022-01-28 00:00:08,0.0882042305040753
"47",62.8425153120026,2022-01-28 13:00:08,0.0840936890387035
"48",10.0037215877644,2022-01-29 15:00:20,0.0841695872012951
"49",199.164248864207,2022-01-30 17:00:10,0.0841716359207007
"50",89.9223937550199,2022-02-01 21:00:07,0.0840567462382962
"51",24.5784276114486,2022-02-02 10:00:07,0.0840462847706202
"52",48.6561974955207,2022-02-03 12:00:11,0.0841516400403216
"53",7.97058788431022,2022-02-03 23:01:33,0.0727218693310138
"54",64.5457196740869,2022-02-04 01:00:27,0.0740904912072349
"55",195.526641045437,2022-02-04 14:00:12,0.0841629881152346
"56",280.410556488348,2022-02-05 16:00:12,0.0841729081702788
"57",189.124959825333,2022-02-06 05:00:08,0.0839582724144742
"58",30.6826007611099,2022-02-06 18:00:10,0.0847677602283208
"59",28.0293755968485,2022-02-07 07:00:09,0.0839792845083895
"60",204.124304278353,2022-02-07 20:00:12,0.0843666064054882
"61",81.890736217456,2022-02-08 09:00:08,0.084395759801234
"62",53.8670132303637,2022-02-08 22:00:13,0.0840588985029855
"63",176.934853902893,2022-02-09 11:00:09,0.0844144189388348
"64",153.386527665458,2022-02-10 00:00:25,0.0842123157789523
"65",419.890320392305,2022-02-11 03:01:01,0.0841671628768232
"66",0.545211365278013,2022-02-11 15:00:11,0.0843388559264574
"67",51.8617919686951,2022-02-12 04:00:21,0.0845081827638727
"68",37.8225932945546,2022-02-12 17:00:15,0.0839575551293187
"69",40.0261502130644,2022-02-13 06:00:08,0.0849294371084074
"70",70.8340643568167,2022-02-13 19:00:12,0.0842118803065763
"71",51.3578176307421,2022-02-14 08:00:10,0.0841660657306259
"72",128.683288344891,2022-02-14 21:00:09,0.0848318672362306
"73",49.877998320245,2022-02-15 10:00:08,0.0839646964024961
"74",45.4661803184641,2022-02-15 23:00:25,0.0841694994259527
"75",143.063379858678,2022-02-16 12:00:08,0.083937925118933
"76",101.507608833906,2022-02-17 01:00:13,0.0839260979553016
"77",178.358961034082,2022-02-17 14:00:17,0.0841036918050226
"78",123.36396816563,2022-02-18 07:00:37,0.0837492137804966
"79",22.924220786116,2022-02-18 16:00:14,0.0844285266957192
"80",22.6768089199721,2022-02-19 05:00:09,0.0845699530115101
"81",52.432600954033,2022-02-19 18:00:11,0.0843741530117781
"82",163.158192065054,2022-02-20 07:00:15,0.0849159469492976
"83",49.1319344386961,2022-02-20 20:00:09,0.0839150763691047
"84",126.116921050954,2022-02-21 09:00:11,0.0841559451297691
"85",56.6785946414106,2022-02-21 22:00:10,0.0839670259883149
"86",93.6779000732995,2022-02-22 11:00:09,0.0839699085851538
"87",84.1724114481537,2022-02-23 00:00:09,0.0842872945979796
"88",40.1395794588787,2022-02-23 13:00:10,0.0843717519889415
"89",98.2490476649903,2022-02-24 02:00:11,0.0839202720577992
"90",18.8966387878663,2022-02-24 15:00:17,0.0840355913943584
"91",141.038109652234,2022-02-25 04:00:09,0.0838578910436187
"92",58.9278043688728,2022-02-25 11:00:38,0.0827269365173419
"93",142.835697857183,2022-02-25 17:00:14,0.0849216905905114
"94",29.9856653132843,2022-02-26 06:00:08,0.0839664937259408
"95",64.0776066908866,2022-02-26 19:00:18,0.0853394666307201
"96",57.4038332094796,2022-02-27 08:00:07,0.0845657532320576
"97",23.0323870138836,2022-02-27 21:00:16,0.084522182636574
"98",16.3506175865499,2022-02-28 10:00:09,0.0846783317273407
"99",169.164649866764,2022-02-28 23:00:08,0.0839441264860863
"100",30.0865716040454,2022-03-01 12:00:09,0.084855403845072
"101",96.475920748834,2022-03-02 01:00:08,0.0839959503777294
"102",143.553706488888,2022-03-02 14:00:09,0.0846196062640652
"103",67.7691779944963,2022-03-03 16:00:07,0.0840979568130813
"104",153.536233835936,2022-03-04 05:00:08,0.0838158657912588
"105",152.698229857368,2022-03-04 15:00:36,0.0817354263528887
"106",188.646782990882,2022-03-04 18:00:12,0.0799842263102125
"107",34.5891629591095,2022-03-05 20:00:12,0.0843527583856563
"108",91.9752558266716,2022-03-06 09:00:09,0.0842923162856835
"109",97.9027095816663,2022-03-06 22:00:12,0.0840525546965953
"110",102.09773562235,2022-03-07 11:00:09,0.083907482283522
"111",143.602332387394,2022-03-08 00:00:07,0.0839772373543416
"112",124.879981626282,2022-03-08 13:00:07,0.0842780252816697
"113",109.00658948337,2022-03-09 15:00:09,0.0840501063506918
"114",15.7472700785818,2022-03-10 04:00:08,0.0843493015411185
"115",50.9258304876404,2022-03-10 17:00:08,0.0840466659665385
"116",73.2181618427915,2022-03-11 19:00:35,0.084073771321007
"117",83.2062252186791,2022-03-12 08:00:08,0.083949887836506
"118",30.2062015444174,2022-03-12 21:00:25,0.0839164461286863
"119",42.0951621146076,2022-03-13 10:00:09,0.0843007854083538
"120",45.1473370372082,2022-03-13 23:00:08,0.0840119320847487
"121",18.5524094934358,2022-03-14 12:00:10,0.084471801717454
"122",91.9152937763837,2022-03-15 01:00:11,0.0840514223176529
"123",64.5088020494973,2022-03-15 14:00:14,0.084470952973481
"124",58.1874215486623,2022-03-16 03:00:08,0.084247687158153
"125",146.27983439859,2022-03-16 16:00:12,0.0841164882295607
"126",39.1028365265679,2022-03-17 05:00:12,0.0840027853188831
"127",110.669571315063,2022-03-17 18:00:09,0.0842389877169276
"128",334.390192636644,2022-03-18 07:00:06,0.0839234566478725
"129",93.8899326446723,2022-03-18 20:00:13,0.0849701965953301
"130",87.9355436089196,2022-03-19 09:00:08,0.0843759205165588
"131",27.5671953636312,2022-03-19 22:00:17,0.0848439191421338
"132",369.349633589268,2022-03-20 11:00:08,0.084009943347073
"133",46.5741827268911,2022-03-21 00:00:12,0.0845485342119899
"134",32.6655011079146,2022-03-21 13:00:10,0.084620595373273
"135",102.036233823375,2022-03-22 02:00:18,0.0839337264754592
"136",191.487840274405,2022-03-22 15:00:11,0.0841823596571555
"137",238.29671891871,2022-03-23 17:00:11,0.0841697603267468
"138",54.3148224932697,2022-03-24 19:00:08,0.0844146768937563
"139",410.643837637848,2022-03-25 08:00:08,0.0842833717557516
"140",145.443507691265,2022-03-26 10:00:08,0.0840799268490781
"141",137.385872278515,2022-03-26 23:00:26,0.0839981118588441
"142",79.8592090372169,2022-03-27 12:00:09,0.0840994171228328
"143",19.7215144639671,2022-03-28 14:00:08,0.0841126563179263
"144",143.749531193548,2022-03-29 03:00:14,0.0839815450397905
"145",64.4932369084937,2022-03-29 16:00:11,0.0843449698506399
"146",424.026663710652,2022-03-30 05:00:09,0.0840686821163332
"147",179.119376601737,2022-03-30 18:00:08,0.0845453329255074
"148",56.4390100291683,2022-03-31 07:00:09,0.0845118111540396
"149",5.35338661696065,2022-03-31 20:00:13,0.0840055917118766
"150",47.7143403965071,2022-04-01 09:00:09,0.0843465216160626
"151",96.2811330179819,2022-04-02 07:01:01,0.0859294411563137
"152",195.397228917579,2022-04-02 11:00:10,0.0836905732986503
"153",2.39538930904822,2022-04-03 00:00:11,0.0828660258068111
"154",56.4255123940926,2022-04-03 05:00:10,0.0786845251767412
"155",55.1895782544325,2022-04-03 09:00:16,0.112040227532695
"156",74.6737744774978,2022-04-03 11:00:11,0.10444803125487
"157",81.7241147319451,2022-04-03 13:00:07,0.0667681313758347
"158",36.9803868323644,2022-04-03 15:00:10,0.0856023586066774
"159",164.655232444972,2022-04-03 17:00:09,0.0826035146560112
"160",191.011267205215,2022-04-03 19:00:10,0.0944021960227202
"161",49.977026729198,2022-04-03 21:00:26,0.107950402802914
"162",73.4057721687305,2022-04-03 23:00:09,0.0694599781444888
"163",75.3634431627806,2022-04-04 03:00:14,0.0768488187745821
"164",37.3339339459549,2022-04-04 07:00:08,0.0695704178487524
"165",20.4718724824712,2022-04-04 09:00:09,0.0902052669710253
"166",267.245719019023,2022-04-04 11:00:13,0.091163924360081
"167",32.5936575696595,2022-04-04 13:00:09,0.168683511529573
"168",43.5548691327497,2022-04-04 15:00:09,0.069838546967134
"169",58.0334787319967,2022-04-04 17:00:09,0.0677028773908264
"170",58.5644734699578,2022-04-04 19:00:15,0.095940753713431
"171",85.9713527486229,2022-04-04 21:00:15,0.0874991719742099
"172",156.702279365361,2022-04-04 23:00:23,0.0639612662535968
"173",127.288637256876,2022-04-05 01:00:08,0.0702724678908535
"174",163.255667188607,2022-04-05 07:00:23,0.0721708232832537
"175",76.3075567344935,2022-04-05 09:00:07,0.0939867006302574
"176",77.1799720275103,2022-04-05 11:00:11,0.0804593884923415
"177",6.78117271963179,2022-04-05 13:00:08,0.075382749876133
"178",13.9233328851305,2022-04-05 15:00:08,0.0794315648675358
"179",46.1822816723416,2022-04-05 17:00:10,0.0984315162433113
"180",96.5611200382393,2022-04-05 19:00:17,0.0998863656952682
"181",21.5618233568065,2022-04-05 21:00:08,0.0914755207082379
"182",73.1646110201729,2022-04-06 07:00:10,0.0731662641324669
"183",59.3767493792092,2022-04-06 09:00:12,0.104046902491028
"184",180.507104927197,2022-04-06 11:00:08,0.131205204490872
"185",203.035169883157,2022-04-06 13:00:11,0.0642672043538316
"186",31.1950630262752,2022-04-06 15:00:07,0.0966912271311456
"187",3.84193600436801,2022-04-06 17:00:08,0.0723504576925408
"188",33.3590924108908,2022-04-06 19:00:11,0.118901936467515
"189",61.4732955575052,2022-04-06 21:00:11,0.0893021716456068
"190",68.8316269038368,2022-04-07 03:00:20,0.0783969841110662
"191",54.9130487175425,2022-04-07 07:00:26,0.0690395569221427
"192",12.644281162794,2022-04-07 09:00:16,0.100416449067898
"193",201.707377685685,2022-04-07 11:00:17,0.0892724691412822
"194",155.995938246879,2022-04-07 13:00:10,0.0633570040757934
"195",219.477792228032,2022-04-07 15:00:08,0.0704847062552423
"196",117.443281307324,2022-04-07 17:00:10,0.0703248020775997
"197",113.248883232045,2022-04-07 19:00:10,0.0757864408999049
"198",44.9090432595712,2022-04-07 21:00:11,0.0921084523311638
"199",84.1438627947063,2022-04-07 23:00:16,0.0821680030135601
"200",115.564002312348,2022-04-08 09:00:10,0.0739042260339793
"201",209.693358430474,2022-04-08 11:00:10,0.0871169911696007
"202",18.4065527105866,2022-04-08 13:00:07,0.0956377430489055
"203",117.330574058865,2022-04-08 15:00:16,0.0801862425908198
"204",107.693834240397,2022-04-08 17:00:12,0.0788403981873117
"205",31.4855170748059,2022-04-08 19:00:12,0.0643466292153498
"206",11.8919274224053,2022-04-08 21:00:09,0.0944290834298994
"207",20.6561049113764,2022-04-08 23:00:07,0.0754959043599349
"208",52.3900096794781,2022-04-09 03:00:12,0.0843786361793716
"209",24.8769619204758,2022-04-09 09:00:09,0.0762114548168021
"210",211.391222464592,2022-04-09 11:01:30,0.0649444545881366
"211",212.248341976398,2022-04-09 13:00:09,0.066512008911981
"212",296.843297474905,2022-04-09 15:00:09,0.078121749064901
"213",60.5015560357139,2022-04-09 17:00:10,0.121915703611756
"214",5.46814538256882,2022-04-09 19:00:09,0.107491241083334
"215",37.5859243589387,2022-04-09 21:00:09,0.073364754329756
"216",160.842662152182,2022-04-10 07:00:09,0.0749309661133125
"217",137.900206845148,2022-04-10 09:00:11,0.0843443305521464
"218",189.805083574311,2022-04-10 11:00:14,0.0821827966214814
"219",129.704466390926,2022-04-10 13:00:15,0.0788089677715562
"220",89.2995832585688,2022-04-10 15:00:09,0.0732278997176043
"221",123.581887157159,2022-04-10 17:00:10,0.0701212765355021
"222",11.1887977604427,2022-04-10 19:00:14,0.0924720957559018
"223",68.9823942367659,2022-04-10 21:00:07,0.119193595180425
"224",232.054597460756,2022-04-10 23:00:11,0.0795751978207683
"225",354.107058824077,2022-04-11 01:00:16,0.0731289425264834
"226",379.222744866758,2022-04-11 07:00:09,0.0954992822518727
"227",13.8648793741585,2022-04-11 09:00:10,0.120467662767313
"228",23.8569918932453,2022-04-11 11:00:18,0.0873435814292481
"229",17.7817582061339,2022-04-11 13:00:08,0.0775379826487139
"230",75.5513088203338,2022-04-11 15:00:10,0.0725236871713819
"231",121.829459727112,2022-04-11 17:00:09,0.0999470921615736
"232",77.5657830578386,2022-04-11 19:00:10,0.118207809466816
"233",159.447463141057,2022-04-11 21:00:24,0.115138682437858
"234",140.186496175125,2022-04-12 07:00:12,0.0719539464521008
"235",87.6945652301963,2022-04-12 09:00:12,0.0767439036677429
"236",34.8312709080507,2022-04-12 11:00:10,0.080413978537231
"237",17.6732325862932,2022-04-12 13:00:10,0.0747380482762631
"238",104.591656776761,2022-04-12 15:00:09,0.103800468485898
"239",77.7684689193122,2022-04-12 17:00:09,0.11356257715461
"240",75.5215900829024,2022-04-12 19:00:09,0.147360506959165
"241",36.7269834803522,2022-04-12 21:00:09,0.131586441790956
"242",382.043022947789,2022-04-12 23:00:10,0.152535715041275
"243",32.1041263380818,2022-04-13 09:00:09,0.0872059118986599
"244",38.677900602117,2022-04-13 11:00:13,0.0882200594266827
"245",42.0798930110965,2022-04-13 13:00:13,0.0769957396456196
"246",42.3418233081188,2022-04-13 15:00:21,0.0851882733668553
"247",17.5526849323568,2022-04-13 17:00:16,0.0636506979754654
"248",139.559821009253,2022-04-13 19:00:13,0.122071529781455
"249",64.594152141187,2022-04-13 21:00:09,0.0955472799900608
"250",141.810272009186,2022-04-13 23:00:26,0.0793926703132036
"251",139.397081184503,2022-04-14 01:00:12,0.0637129974436402
"252",136.853962825206,2022-04-14 03:00:25,0.068386985031585
"253",151.519753473309,2022-04-14 07:00:08,0.0693163744318375
"254",66.7056332554916,2022-04-14 09:00:09,0.0714058891043198
"255",77.3204676872269,2022-04-14 11:00:09,0.123518223276573
"256",17.478313066694,2022-04-14 13:00:07,0.171007405505652
"257",39.2919227392242,2022-04-14 15:00:13,0.153536211529839
"258",45.1667518570078,2022-04-14 17:00:11,0.0678175650371492
"259",67.1278797856058,2022-04-14 19:00:18,0.0773905560483698
"260",53.5971726739983,2022-04-14 21:00:16,0.0979669641026342
"261",51.0029022179054,2022-04-14 23:00:15,0.0870578750159591
"262",32.75749736756,2022-04-15 01:00:12,0.0628209344534281
"263",59.1328948792328,2022-04-15 03:00:12,0.0628022700505383
"264",66.7528349865868,2022-04-15 05:00:12,0.0629852939372963
"265",40.5531145182289,2022-04-15 07:00:25,0.0637614638196654
"266",50.2872799875286,2022-04-15 09:00:08,0.0775135669887191
"267",21.4554412359681,2022-04-15 11:00:09,0.0855102033901834
"268",200.435606317399,2022-04-15 13:00:08,0.0840068927893445
"269",94.6588500351297,2022-04-15 15:00:10,0.129200791563073
"270",41.2437870810534,2022-04-15 17:00:11,0.0774184854485209
"271",120.424627122638,2022-04-15 19:00:12,0.153273557883833
"272",110.525191727387,2022-04-15 21:00:09,0.154841421985201
"273",421.672375703711,2022-04-15 23:00:09,0.0810259989785254
"274",336.366061168431,2022-04-16 07:00:08,0.0795176998233782
"275",58.3681856195671,2022-04-16 09:00:25,0.0917512527455203
"276",55.7623842803037,2022-04-16 11:00:09,0.0746349702521269
"277",20.5275403606014,2022-04-16 13:00:07,0.0656119292555265
"278",38.4042486761291,2022-04-16 15:00:39,0.0692426137840469
"279",63.7373700491025,2022-04-16 17:00:13,0.0972783136852715
"280",37.3557706816573,2022-04-16 19:00:16,0.0887687307919218
"281",64.940068136887,2022-04-16 21:00:08,0.1041063312994
"282",58.7437987663173,2022-04-16 23:00:15,0.0759204448169389
"283",4.01834291391073,2022-04-17 07:00:21,0.0767643188927106
"284",11.0291874708299,2022-04-17 09:00:09,0.128364989769339
"285",55.2573658770229,2022-04-17 11:00:13,0.0970372324318984
"286",180.878890432919,2022-04-17 13:00:07,0.0629355819810961
"287",206.189720685357,2022-04-17 15:00:10,0.0706548183262095
"288",46.0775753610519,2022-04-17 17:00:08,0.102729366761472
"289",146.010953260372,2022-04-17 19:00:15,0.0989007867174951
"290",118.421361799469,2022-04-17 21:00:17,0.149591396587289
"291",15.4048559122402,2022-04-17 23:00:22,0.0706817718867055
"292",2.4195535978001,2022-04-18 01:00:08,0.0692203476765563
"293",34.4499337835184,2022-04-18 05:00:13,0.0765473624238006
"294",53.7279024460266,2022-04-18 09:00:10,0.106701380843065
"295",11.3095269551206,2022-04-18 11:00:12,0.102064887504466
"296",94.1703779132476,2022-04-18 13:00:07,0.100439735546901
"297",59.836536772925,2022-04-18 15:00:09,0.0692573552837027
"298",22.0535757194441,2022-04-18 17:00:11,0.12598802131958
"299",53.3940707234736,2022-04-18 19:00:09,0.0979019747681452
"300",57.2497535722916,2022-04-18 21:00:09,0.0771620467895292
"301",60.6793558922751,2022-04-19 01:00:23,0.0790575605223834
"302",46.9299009678613,2022-04-19 03:00:20,0.0698909078865913
"303",39.1177702649808,2022-04-19 07:00:23,0.0694012251381446
"304",59.9354515626248,2022-04-19 09:00:13,0.0893158657930218
"305",258.116981555525,2022-04-19 11:00:08,0.12492782981773
"306",45.4507673107368,2022-04-19 13:00:09,0.111722146112149
"307",19.5039595324622,2022-04-19 15:00:07,0.0859577291861376
"308",4.59241477461033,2022-04-19 17:00:08,0.0965867717873559
"309",118.105096442441,2022-04-19 19:00:15,0.0896233360522396
"310",91.7561059815795,2022-04-19 21:00:07,0.0983941153999323
"311",72.9779242344643,2022-04-19 23:00:13,0.0799892504911259
"312",59.7688363881105,2022-04-20 01:00:19,0.0705629861949255
"313",89.8682328119503,2022-04-20 07:00:09,0.0700944207729714
"314",78.5592498836018,2022-04-20 09:00:09,0.0739220656518427
"315",100.764867566457,2022-04-20 11:00:12,0.0764157447577371
"316",51.7475087747127,2022-04-20 13:00:09,0.0727972155029445
"317",58.7331356175162,2022-04-20 15:00:08,0.0773267417849541
"318",43.5815040890861,2022-04-20 17:00:09,0.073703733480002
"319",61.7077911129372,2022-04-20 19:00:20,0.0878009532595676
"320",119.838323697906,2022-04-20 21:00:12,0.101138594628795
"321",95.3090330916186,2022-04-20 23:00:09,0.0638570293973084
"322",71.1142284486808,2022-04-21 01:00:21,0.0709467877215806
"323",95.6137193040571,2022-04-21 07:00:11,0.0709511645681597
"324",143.162529423856,2022-04-21 09:00:11,0.0698946446682533
"325",120.470953399143,2022-04-21 11:00:12,0.105405159669303
"326",40.8085112471217,2022-04-21 13:00:09,0.0721657215795824
"327",146.646778880573,2022-04-21 15:00:09,0.11641421717926
"328",187.666935795123,2022-04-21 17:00:09,0.102268703312511
"329",8.58452385301084,2022-04-21 19:00:11,0.104953847228667
"330",40.3283034621439,2022-04-21 21:00:08,0.102278801646335
"331",36.1935184204941,2022-04-21 23:00:26,0.0754689600712915
"332",39.7329432228486,2022-04-22 03:00:13,0.0684815654980693
"333",1.58012826711418,2022-04-22 05:00:13,0.0639414516012147
"334",25.8922057144591,2022-04-22 07:00:17,0.0635340562842974
"335",36.9404380991051,2022-04-22 09:00:26,0.077634928066926
"336",2.73180413679776,2022-04-22 11:00:07,0.0964380826576835
"337",52.4915122628105,2022-04-22 13:00:08,0.101364308237575
"338",79.0134623863469,2022-04-22 15:00:09,0.0841491222555453
"339",4.39168160001598,2022-04-22 19:00:11,0.11446362878785
"340",62.9544541475952,2022-04-22 21:00:25,0.0895222773652455
"341",103.198529397005,2022-04-23 09:00:09,0.116191092967093
"342",21.9424245134117,2022-04-23 11:00:13,0.134476860977216
"343",52.7554477645766,2022-04-23 13:00:09,0.0817767774618178
"344",24.3577098295416,2022-04-23 15:00:25,0.113291313728368
"345",55.4084633060933,2022-04-23 17:00:09,0.111008934497263
"346",88.1614108278714,2022-04-23 19:01:54,0.131896122016418
"347",44.1613612188293,2022-04-23 21:00:12,0.100319214963323
"348",126.745375098726,2022-04-23 23:00:09,0.0663339133302231
"349",72.6623643828631,2022-04-24 01:00:15,0.0708491675928306
"350",126.897946949076,2022-04-24 09:00:09,0.0919704999314406
"351",28.0057944622375,2022-04-24 11:00:11,0.100243214420242
"352",72.3518107180406,2022-04-24 13:00:18,0.103026949510471
"353",109.111409180428,2022-04-24 15:00:09,0.12631975887643
"354",75.2535817104574,2022-04-24 17:00:11,0.0646969945343748
"355",44.8528582319505,2022-04-24 19:00:11,0.0685971075326342
"356",27.0374741721769,2022-04-24 23:00:11,0.0718881953053363
"357",155.370465686133,2022-04-25 01:00:16,0.0659156015445501
"358",137.633031703099,2022-04-25 03:00:11,0.0688571353800249
"359",150.741705608333,2022-04-25 07:00:12,0.0708306859703772
"360",136.059590483592,2022-04-25 09:00:12,0.0980396638650585
"361",124.861187483025,2022-04-25 11:00:07,0.0970334038150386
"362",38.1819717727678,2022-04-25 13:00:16,0.1175131750141
"363",29.7957419111125,2022-04-25 15:00:09,0.0635901381595381
"364",107.710103039362,2022-04-25 17:00:10,0.110784905293418
"365",23.7026606882971,2022-04-25 19:00:07,0.0943578858520988
"366",16.7084604147156,2022-04-25 21:00:08,0.0845892743977618
"367",12.4691074819923,2022-04-25 23:00:13,0.0748576394190904
"368",27.5072801486407,2022-04-26 07:00:09,0.0735068868163308
"369",52.6607579626967,2022-04-26 09:00:19,0.0846302096507301
"370",42.6310240660193,2022-04-26 11:00:10,0.0859466578964974
"371",42.896624104486,2022-04-26 13:00:10,0.0642732074812846
"372",59.2852136590938,2022-04-26 15:00:10,0.104125127407986
"373",74.2378863272804,2022-04-26 17:00:13,0.117288050512035
"374",4.17210958954645,2022-04-26 19:00:11,0.068507804613071
"375",13.1165659131551,2022-04-26 21:00:21,0.0810763360307171
"376",47.7770754909689,2022-04-26 23:00:10,0.102689712932086
"377",39.3607419781105,2022-04-27 09:00:22,0.082812944101909
"378",0.90879673528873,2022-04-27 11:00:07,0.0938343358153581
"379",88.6101093401994,2022-04-27 13:00:07,0.0702357594701643
"380",167.674834566062,2022-04-27 15:00:08,0.077910071173919
"381",76.5508237245629,2022-04-27 17:00:09,0.0896991491475926
"382",26.8688951622973,2022-04-27 19:00:12,0.106033590367287
"383",39.0716180778054,2022-04-27 21:00:17,0.082878514607706
"384",54.6474404624237,2022-04-28 01:00:26,0.0709682203440123
"385",52.2904826580269,2022-04-28 03:00:08,0.0635186422609377
"386",46.7500319485825,2022-04-28 05:00:26,0.0645679309060012
"387",36.2068348733341,2022-04-28 07:00:17,0.0636077926930329
"388",46.189472082915,2022-04-28 09:00:24,0.0715125268636834
"389",119.558312251368,2022-04-28 11:00:09,0.103433747627629
"390",82.0169488895011,2022-04-28 13:00:08,0.0960524075184306
"391",105.730256070992,2022-04-28 15:00:10,0.0682501315921913
"392",191.853385411524,2022-04-28 17:00:14,0.110967675850421
"393",68.5977877337335,2022-04-28 19:00:13,0.0887341197459483
"394",46.3274045178945,2022-04-28 21:00:09,0.0903105194025536
"395",45.9795607844523,2022-04-28 23:00:10,0.066359890060413
"396",42.8721240847357,2022-04-29 01:00:08,0.0708354711992531
"397",95.3823447173599,2022-04-29 07:00:09,0.0740747445115043
"398",44.4046053294813,2022-04-29 09:00:12,0.100329699939685
"399",23.8933972393536,2022-04-29 11:00:08,0.109744024566941
"400",101.649934533762,2022-04-29 13:00:11,0.0904875115224208
"401",92.9601338648932,2022-04-29 15:00:12,0.0753839586234009
"402",185.600158066397,2022-04-29 17:00:15,0.0738613076240527
"403",101.975259518993,2022-04-29 19:00:14,0.0930580206288512
"404",8.12424995422363,2022-04-29 21:00:08,0.0680019819458148
"405",121.600223865682,2022-04-29 23:00:13,0.0711530413944973
"406",151.281037544296,2022-04-30 03:00:21,0.0693827813618344
"407",126.614779030428,2022-04-30 05:00:21,0.0688418203014451
"408",48.8050453664949,2022-04-30 09:00:19,0.0736245284340673
"409",171.736315711461,2022-04-30 11:00:08,0.0878147508759617
"410",126.78221573653,2022-04-30 13:00:10,0.0652285570553291
"411",142.367132247961,2022-04-30 15:00:11,0.0817196974336651
"412",211.001870090264,2022-04-30 17:00:09,0.129382785088283
"413",28.027172529148,2022-04-30 19:00:12,0.10741186799774
"414",66.3548785266017,2022-04-30 21:00:15,0.103189749351478
"415",14.8648043333012,2022-04-30 23:00:54,0.0632592569841869
"416",30.2918967026968,2022-05-01 01:00:08,0.0709571944869801
"417",65.9599667815028,2022-05-01 07:00:16,0.070307117437971
"418",50.4161854984944,2022-05-01 09:00:26,0.0653859156570016
"419",60.2538195145399,2022-05-01 11:00:06,0.0672544582166221
"420",97.119957663713,2022-05-01 13:00:10,0.0955017272276148
"421",394.073314827273,2022-05-01 15:00:10,0.0916625590767877
"422",21.9252713069279,2022-05-01 17:00:14,0.0877128311451185
"423",13.9356253427138,2022-05-01 19:00:14,0.098937356405927
"424",97.7672489176247,2022-05-01 21:00:26,0.0708252194334201
"425",94.8173966776221,2022-05-01 23:00:09,0.0634403876370186
"426",87.8305910814841,2022-05-02 01:00:08,0.070520979697251
"427",28.1868301506474,2022-05-02 05:00:25,0.079575310579021
"428",31.3296561192053,2022-05-02 09:00:10,0.0830884689006483
"429",17.1376460902546,2022-05-02 11:00:09,0.0802536082033269
"430",52.9154730457433,2022-05-02 13:00:11,0.0778393301737179
"431",125.34729776727,2022-05-02 15:00:09,0.0794351481528436
"432",111.033855125284,2022-05-02 17:00:15,0.102716612630199
"433",50.3634953093149,2022-05-02 19:00:22,0.0844883899383938
"434",94.0549881711807,2022-05-02 23:00:27,0.0817871106208582
"435",87.7792183290187,2022-05-03 09:00:16,0.0850180209982512
"436",87.5417907847539,2022-05-03 11:00:13,0.071343530513331
"437",42.3885816777508,2022-05-03 13:00:10,0.0787552771752606
"438",111.975277053513,2022-05-03 15:00:11,0.0722345829800714
"439",83.6206828665847,2022-05-03 17:00:13,0.0865570169011934
"440",62.8425647716017,2022-05-03 19:00:11,0.094135597997593
"441",45.7207586647132,2022-05-03 23:00:13,0.0789970682443155
"442",9.1612166772139,2022-05-04 07:00:17,0.0706777257682249
"443",13.4815356902225,2022-05-04 09:00:13,0.0718277225085374
"444",18.0882558735448,2022-05-04 11:00:11,0.0721043890829151
"445",15.1848205963028,2022-05-04 13:00:10,0.0705642666011166
"446",35.0539013033426,2022-05-04 15:00:10,0.102165433171936
"447",27.8618289881797,2022-05-04 17:00:15,0.116038880542843
"448",3.19119592975497,2022-05-04 19:00:17,0.102616035864085
"449",42.3650790728175,2022-05-04 23:00:13,0.0727386005425036
"450",50.2719481359072,2022-05-05 01:00:16,0.0688479292176807
"451",50.6274755268403,2022-05-05 05:00:26,0.0683441991031898
"452",28.6587524824292,2022-05-05 07:00:09,0.0641761050086995
"453",32.8493114942458,2022-05-05 09:00:15,0.0823025286754011
"454",51.3158581233539,2022-05-05 11:00:09,0.0922374043367861
"455",191.752256073283,2022-05-05 13:00:09,0.0799866246901284
"456",106.632098802471,2022-05-05 15:00:07,0.0736293363928286
"457",22.6650053459833,2022-05-05 17:00:16,0.0809672147543002
"458",23.7708619059137,2022-05-05 19:00:12,0.116650591181098
"459",60.2313313485797,2022-05-05 21:00:12,0.0732737436166421
"460",28.9281202155708,2022-05-05 23:00:10,0.075821901123733
"461",26.8186132030777,2022-05-06 07:00:09,0.0707602134687359
"462",29.1301574281434,2022-05-06 09:00:27,0.0647000870682194
"463",34.3690717423316,2022-05-06 11:00:16,0.074716836824707
"464",51.3126218617857,2022-05-06 13:00:07,0.101964092869315
"465",30.9634985993571,2022-05-06 15:00:10,0.0816028389245945
"466",27.1034265821054,2022-05-06 17:00:16,0.0885834797923964
"467",34.1450143900343,2022-05-06 19:00:21,0.0632120486019387
"468",50.6449698451964,2022-05-06 21:00:15,0.0628317331134098
"469",40.544117326276,2022-05-06 23:00:13,0.0627744877415639
"470",34.2059125224979,2022-05-07 01:00:10,0.0631124218988286
"471",31.6168240654633,2022-05-07 03:00:13,0.0700348282107638
"472",47.3009933735395,2022-05-07 09:00:13,0.0700786743384116
"473",18.0540070149893,2022-05-07 11:00:16,0.0631311038750106
"474",31.1191316027578,2022-05-07 13:00:19,0.0627815428074299
"475",32.8230331373287,2022-05-07 15:00:12,0.0627560561262684
"476",37.4360156784352,2022-05-07 17:00:19,0.0630374746356436
"477",37.4184403623637,2022-05-07 19:00:20,0.06836898282503
"478",37.2313589131142,2022-05-07 23:00:11,0.0685766749682667
"479",57.0457528160541,2022-05-08 01:00:13,0.0637294772353285
"480",34.6895510812832,2022-05-08 03:02:01,0.0691159178000595
"481",41.1301410260102,2022-05-08 07:00:15,0.0683662110577513
"482",36.3975248396683,2022-05-08 09:00:25,0.0630510626470513
"483",47.3021244582569,2022-05-08 11:00:21,0.063039754507403
"484",32.2226693527506,2022-05-08 13:00:24,0.0683929860309458
"485",35.7326675987407,2022-05-08 17:00:26,0.0683617957815355
"486",41.9143513096112,2022-05-08 19:00:22,0.0630103146778501
"487",37.3099947769952,2022-05-08 21:00:19,0.0627371117588546
"488",37.0582448878929,2022-05-08 23:00:08,0.0627537256603242
"489",37.6575406239817,2022-05-09 01:00:20,0.0630265242634017
"490",39.8445072522541,2022-05-09 03:00:09,0.068590286150983
"491",38.6872902462004,2022-05-09 07:00:12,0.0861141389135879
"492",89.43318130166,2022-05-09 09:00:08,0.0632916591287332
"493",51.0387369135853,2022-05-09 11:00:26,0.078179311208034
"494",33.569570829551,2022-05-09 13:00:25,0.0652566628135688
"495",37.9275919824353,2022-05-09 15:00:09,0.083895799559579
"496",45.1161940923272,2022-05-09 17:00:16,0.0630695157419009
"497",38.9765944150747,2022-05-09 19:00:18,0.0941895682779156
"498",27.226115440927,2022-05-09 23:00:09,0.0692286777162458
"499",30.0613308854282,2022-05-10 01:00:09,0.0707020124966183
"500",38.7741765543143,2022-05-10 07:00:10,0.0740690623290577
"501",35.9798011858304,2022-05-10 09:00:10,0.109907551389363
"502",175.59697258198,2022-05-10 11:00:10,0.0725573940435984
"503",106.726513539004,2022-05-10 13:00:12,0.128028886941899
"504",25.3260810704555,2022-05-10 15:00:09,0.0683990031324953
"505",16.2340036594582,2022-05-10 19:00:10,0.0812732232271247
"506",54.4054357963874,2022-05-10 21:00:11,0.0818320983424474
"507",34.9349335868793,2022-05-10 23:00:08,0.0665291304082627
"508",22.4997871020273,2022-05-11 01:00:16,0.0686590055402186
"509",31.7573688567132,2022-05-11 05:00:16,0.0683681353541979
"510",30.4981528659632,2022-05-11 07:00:12,0.0630148188272057
"511",34.5571517734842,2022-05-11 09:00:08,0.0628071742148738
"512",7.80642487171177,2022-05-11 11:00:26,0.0644656436712456
"513",23.5382897111168,2022-05-11 13:00:10,0.0950940516125795
"514",37.268553035048,2022-05-11 15:00:07,0.097233454248178
"515",69.6287798644648,2022-05-11 17:00:17,0.0813148535368227
"516",66.8501349075958,2022-05-11 19:00:13,0.0919793838276863
"517",34.6742734008345,2022-05-11 21:00:14,0.0704305043847309
"518",28.1044624746074,2022-05-11 23:00:08,0.0715907741025448
"519",77.2848524916745,2022-05-12 03:00:23,0.0947680172606273
"520",147.206731565305,2022-05-12 07:00:22,0.0818830353490357
"521",58.3825489966799,2022-05-12 09:00:08,0.0832458959349463
"522",56.6438243716025,2022-05-12 11:00:13,0.127004451311592
"523",33.7337968535097,2022-05-12 13:00:10,0.0778020531268977
"524",25.5051169392211,2022-05-12 15:00:08,0.0870943112560331
"525",114.820194280742,2022-05-12 17:00:08,0.0899499820943248
"526",37.0744744297224,2022-05-12 19:00:13,0.17155885688397
"527",110.740374523741,2022-05-12 21:00:10,0.135955856636368
"528",137.47024245615,2022-05-12 23:00:16,0.0741467969132497
"529",141.344941839885,2022-05-13 07:00:09,0.0791460377854226
"530",37.2545857145685,2022-05-13 09:00:09,0.0932817761262456
"531",0.277805768465082,2022-05-13 11:00:07,0.128762020229649
"532",19.4505800680109,2022-05-13 13:00:14,0.0774985529576543
"533",42.7388271706698,2022-05-13 15:00:08,0.0630396960222861
"534",51.9662397650075,2022-05-13 17:00:17,0.102581658432763
"535",16.482996028669,2022-05-13 19:00:09,0.0976120222558397
"536",34.7738906485337,2022-05-13 21:00:13,0.0815825059443869
"537",44.5545925551193,2022-05-13 23:00:09,0.104362470831996
"538",15.254927845028,2022-05-14 05:00:12,0.0713671593425282
"539",60.7454469007479,2022-05-14 07:00:20,0.0814560465944443
"540",39.3080256166343,2022-05-14 09:00:14,0.0699064575081176
"541",100.439213588202,2022-05-14 11:00:14,0.0941193975083516
"542",55.5515215531729,2022-05-14 13:00:10,0.0629063081697206
"543",50.5789562408516,2022-05-14 15:00:08,0.0662910733279289
"544",31.9058598918289,2022-05-14 17:00:27,0.116358600149769
"545",38.6311147678605,2022-05-14 19:00:08,0.118755244600968
"546",115.496320136201,2022-05-14 21:00:12,0.0768872503559901
"547",144.156517104575,2022-05-14 23:00:10,0.0860051291780642
"548",135.816179590226,2022-05-15 07:01:41,0.0761541079184273
"549",141.821116941099,2022-05-15 09:00:14,0.108397731097053
"550",205.022659223033,2022-05-15 11:00:10,0.1183697324304
"551",108.842903001909,2022-05-15 13:00:08,0.0730256615064648
"552",11.8756483609715,2022-05-15 15:00:10,0.0760436839111847
"553",5.33691425425091,2022-05-15 17:00:09,0.0909063675201506
"554",21.8713379858236,2022-05-15 19:00:08,0.0809242772299976
"555",42.9726866082593,2022-05-15 21:00:09,0.0858360990209409
"556",33.9920676808667,2022-05-16 01:00:14,0.077871794125263
"557",13.754576314601,2022-05-16 03:00:09,0.084351228719326
"558",52.6562236066978,2022-05-16 07:00:27,0.0703737417692088
"559",52.8408800986717,2022-05-16 09:00:09,0.0643988398182216
"560",50.9866528929275,2022-05-16 11:00:07,0.0631000675266948
"561",45.1256862233262,2022-05-16 13:00:16,0.0666022250189218
"562",73.3782171774684,2022-05-16 15:00:08,0.0651994767329069
"563",19.0172300761389,2022-05-16 17:00:10,0.127414213456824
"564",308.839853548288,2022-05-16 19:00:08,0.118395814773482
"565",121.706850214035,2022-05-16 21:00:08,0.079160292638007
"566",59.1977494896992,2022-05-16 23:00:26,0.0645003681340653
"567",15.1561115160965,2022-05-17 01:00:10,0.0755838703682906
"568",18.7673021685894,2022-05-17 07:00:23,0.0734393624249432
"569",11.1500662545733,2022-05-17 09:00:13,0.108614744302562
"570",19.5273437259127,2022-05-17 11:00:10,0.1048077109111
"571",70.4824400960796,2022-05-17 13:00:09,0.0775110728407102
"572",138.932032061443,2022-05-17 15:00:14,0.088385446445104
"573",38.9456036640353,2022-05-17 17:00:10,0.100189734726419
"574",28.9969762928121,2022-05-17 19:00:10,0.123464139314042
"575",62.5670780851013,2022-05-17 23:00:27,0.0780167258477501
"576",56.2323520637859,2022-05-18 03:00:13,0.0685232699735811
"577",71.7743847103167,2022-05-18 05:00:20,0.063160466639904
"578",48.8470805934442,2022-05-18 07:00:27,0.06309505078216
"579",47.8337226434929,2022-05-18 09:00:26,0.0648179310798615
"580",82.0282768923058,2022-05-18 11:00:08,0.068627025796847
"581",78.3852415318386,2022-05-18 13:00:15,0.0642567059964933
"582",81.3564970863587,2022-05-18 15:00:11,0.0789426736004672
"583",10.9566826807615,2022-05-18 17:00:08,0.0769241221650344
"584",18.6534011817883,2022-05-18 19:00:09,0.0934241272717413
"585",69.9009610423178,2022-05-18 21:00:11,0.0869726472619865
"586",33.939424229626,2022-05-19 05:00:14,0.0707105997824997
"587",21.8723068127057,2022-05-19 07:00:25,0.0635645378974775
"588",56.4572782168415,2022-05-19 09:00:13,0.0916928169471261
"589",144.551391830773,2022-05-19 11:00:12,0.15066802644456
"590",16.3289842134893,2022-05-19 13:00:07,0.0744675717714582
"591",77.1696679014102,2022-05-19 15:00:10,0.0981710216008234
"592",47.0935705056768,2022-05-19 17:00:10,0.112698679435238
"593",11.9510702212553,2022-05-19 19:00:10,0.0822231657633874
"594",52.3422268811981,2022-05-19 21:00:10,0.071382298612395
"595",15.8226939218217,2022-05-19 23:00:12,0.0684406704681442
"596",22.2763768023479,2022-05-20 03:00:20,0.0690503823444926
"597",41.18097608094,2022-05-20 05:00:15,0.0689471109013152
"598",57.56892260903,2022-05-20 09:00:26,0.0912331578989707
"599",77.919730498281,2022-05-20 11:00:08,0.0763125119546098
"600",190.352425982174,2022-05-20 13:00:13,0.0990565837092263
"601",215.242338362644,2022-05-20 15:00:12,0.119530855291893
"602",12.5145281811095,2022-05-20 17:00:14,0.164296361872982
"603",2.85958161716494,2022-05-20 19:00:10,0.0701351559079899
"604",58.0391927262207,2022-05-20 21:00:17,0.142389904453126
"605",40.0382777439993,2022-05-20 23:00:15,0.0894118786208285
"606",48.6515977054345,2022-05-21 07:00:26,0.07561408924985
"607",25.3081092699079,2022-05-21 09:00:11,0.0715790777776034
"608",111.560530995274,2022-05-21 11:00:09,0.0712508059552869
"609",111.335088771414,2022-05-21 13:00:09,0.0670318403576898
"610",9.79433726205267,2022-05-21 15:00:10,0.0800371477570407
"611",36.4847190128138,2022-05-21 17:00:11,0.0784633931592539
"612",17.1416629444405,2022-05-21 19:00:12,0.0852781859290983
"613",22.4438456698815,2022-05-21 21:00:11,0.080009093412903
"614",129.241669151674,2022-05-21 23:00:12,0.108426978042795
"615",129.683564593782,2022-05-22 01:00:27,0.0770321074334645
"616",133.03028736225,2022-05-22 03:00:25,0.0710206327342063
"617",26.1916081938148,2022-05-22 09:00:13,0.0974229241072381
"618",115.744966418803,2022-05-22 11:00:38,0.154295260260221
"619",12.5409811125326,2022-05-22 13:00:09,0.0878517172429809
"620",9.91974698948613,2022-05-22 15:00:18,0.08491031666842
"621",74.3586513523287,2022-05-22 17:00:12,0.0753932609900376
"622",24.4547028686796,2022-05-22 19:00:08,0.0966158251671559
"623",59.1303422157147,2022-05-22 21:00:12,0.0757627161959389
"624",42.3227712018761,2022-05-22 23:00:18,0.071902362354888
"625",42.7986998863232,2022-05-23 09:00:17,0.102525332617147
"626",324.05985350626,2022-05-23 11:00:16,0.095037246364515
"627",59.3229115262984,2022-05-23 13:00:09,0.0766609763668576
"628",13.8190548116725,2022-05-23 15:00:11,0.101789382289715
"629",20.5557438801018,2022-05-23 17:00:12,0.122736624336492
"630",52.3601584296288,2022-05-23 19:00:08,0.0839102359461267
"631",38.4325742758209,2022-05-23 21:00:09,0.0903691719871857
"632",86.9925482339214,2022-05-23 23:00:13,0.0731514009838573
"633",132.468545274645,2022-05-24 07:00:17,0.0747641386995133
"634",39.2718048834426,2022-05-24 09:00:08,0.0791633815261278
"635",34.2918560010755,2022-05-24 11:00:09,0.109834170030213
"636",41.339842032609,2022-05-24 13:00:13,0.104066572358126
"637",15.4217380971696,2022-05-24 17:00:25,0.102825515584314
"638",12.3134752031068,2022-05-24 19:00:13,0.101985848607125
"639",47.1267644147918,2022-05-24 21:00:12,0.0742493890450789
"640",47.7538169377401,2022-05-24 23:00:08,0.093471382096523
"641",54.7468819745977,2022-05-25 07:00:23,0.084563083753137
"642",40.6206087137836,2022-05-25 09:00:12,0.10540978059634
"643",164.670143510712,2022-05-25 11:00:06,0.107670094016133
"644",206.416724246167,2022-05-25 13:00:08,0.0630535191324452
"645",144.145034977877,2022-05-25 15:00:10,0.070642739015129
"646",120.834415808363,2022-05-25 17:00:08,0.125247667128315
"647",19.310990196973,2022-05-25 19:00:12,0.0778813040464646
"648",93.0592527268839,2022-05-25 21:00:08,0.134946845133935
"649",126.174081128069,2022-05-25 23:00:10,0.082131604663162
"650",200.586615007793,2022-05-26 09:00:15,0.115529670501812
"651",43.6281589357511,2022-05-26 11:00:11,0.0785134844216357
"652",56.9932021751115,2022-05-26 13:00:13,0.0958869724680691
"653",41.4078578254138,2022-05-26 15:00:09,0.0639774150363201
"654",10.7245734537106,2022-05-26 17:00:09,0.0698404458639026
"655",93.2545603092728,2022-05-26 19:00:12,0.0751394369653407
"656",65.4147343687767,2022-05-26 23:00:26,0.083913775497812
"657",100.326041657244,2022-05-27 07:00:26,0.0752772191873997
"658",62.8098946851485,2022-05-27 09:00:08,0.0792366727961109
"659",35.0887824530674,2022-05-27 11:00:16,0.0825235658513452
"660",94.3208375370521,2022-05-27 13:00:12,0.112322834408595
"661",66.2217679746084,2022-05-27 15:00:09,0.0685466341047078
"662",37.3336235365853,2022-05-27 17:00:12,0.174215791310081
"663",29.2512233769798,2022-05-27 19:00:08,0.165276202461015
"664",41.5558877963677,2022-05-27 21:00:11,0.12463259794411
"665",153.207226958145,2022-05-28 07:00:15,0.0753073081244851
"666",28.4136692632359,2022-05-28 09:00:17,0.118036056310049
"667",16.9286043837059,2022-05-28 11:00:08,0.0652223982184321
"668",123.927329398563,2022-05-28 13:00:12,0.135794806539773
"669",31.953365099889,2022-05-28 15:00:16,0.0696665591228231
"670",33.2239686273997,2022-05-28 17:00:12,0.0868368774286167
"671",121.964389243431,2022-05-28 19:00:08,0.0904065865264401
"672",111.728472196484,2022-05-29 05:00:12,0.0712804954462541
"673",91.6164919806182,2022-05-29 07:00:12,0.0648690482427178
"674",69.5620123701403,2022-05-29 09:00:08,0.093266720591937
"675",151.496188280804,2022-05-29 11:00:13,0.133889708082671
"676",17.3346259279769,2022-05-29 13:00:12,0.0983387385278753
"677",67.4739613872226,2022-05-29 15:02:03,0.107141420779241
"678",25.2391629906702,2022-05-29 17:00:12,0.111019787768449
"679",47.7810553359184,2022-05-29 19:00:16,0.0820924707402134
"680",19.1434922990144,2022-05-29 21:00:09,0.121950245689396
"681",26.3864025917111,2022-05-30 03:00:15,0.0700316223150957
"682",37.3073828985147,2022-05-30 05:00:19,0.0633480345244821
"683",29.7467477818595,2022-05-30 07:00:13,0.0630441368682123
"684",36.6051177084439,2022-05-30 09:00:09,0.0792881395185292
"685",24.9347332189484,2022-05-30 11:00:07,0.075123131739855
"686",69.7768359978397,2022-05-30 13:00:11,0.0943109267774671
"687",305.377613330208,2022-05-30 15:00:08,0.142630901436079
"688",64.6385785196063,2022-05-30 17:00:12,0.0935805248316817
"689",33.1243743962849,2022-05-30 19:00:11,0.123021301002511
"690",46.6380036383971,2022-05-30 21:00:10,0.12351869323197
"691",143.431585033537,2022-05-30 23:00:13,0.105990860924425
"692",89.1664419844361,2022-05-31 01:00:14,0.0717627247839827
"693",133.594440464139,2022-05-31 09:00:09,0.0804706456041902
"694",128.185658538589,2022-05-31 11:00:10,0.0962905685147751
"695",46.6734964454448,2022-05-31 13:00:10,0.098482078809413
"696",63.362200356199,2022-05-31 15:00:14,0.0738678174291972
"697",67.5502556378984,2022-05-31 17:00:13,0.0840620548665491
"698",20.9637540966187,2022-05-31 19:00:13,0.0867584648200605
"699",50.3338191457763,2022-05-31 21:00:16,0.0920720174544962
"700",64.4187663576486,2022-05-31 23:00:12,0.071783283521612
"701",91.5245698721825,2022-06-01 05:00:27,0.0730891136606655
"702",49.3933290769935,2022-06-01 07:00:23,0.0670261240251942
"703",74.2966580047214,2022-06-01 09:00:10,0.06840518443212
"704",83.5059548313397,2022-06-01 11:00:12,0.0652443009801095
"705",75.3175727859057,2022-06-01 13:00:12,0.0851945049957904
"706",23.0685387430845,2022-06-01 15:00:10,0.0967388425910359
"707",127.951898295023,2022-06-01 17:00:10,0.107624753532792
"708",188.441856315218,2022-06-01 19:00:08,0.0998927778587344
"709",60.6526049127571,2022-06-02 01:00:27,0.0781800580847581
"710",97.8146157268868,2022-06-02 05:00:14,0.0745380691477317
"711",76.2217557859731,2022-06-02 07:00:10,0.063053909409069
"712",106.03683942871,2022-06-02 09:00:13,0.0676807486126318
"713",99.8510147529871,2022-06-02 11:00:15,0.0696711867982795
"714",109.540396451608,2022-06-02 13:00:08,0.0774082338115997
"715",71.2869123846271,2022-06-02 15:00:10,0.0684774988170832
"716",66.0135287170369,2022-06-02 17:00:09,0.126459467016081
"717",28.3732440745644,2022-06-02 19:00:12,0.0657511358112797
"718",57.1351438287225,2022-06-02 21:00:27,0.0827906204361265
"719",87.6373986407824,2022-06-02 23:00:11,0.075105457052618
"720",62.0057544976533,2022-06-03 09:00:10,0.103587187443094
"721",29.6975916814099,2022-06-03 11:00:10,0.0989172983940447
"722",59.4630815104154,2022-06-03 13:00:10,0.0649235249856112
"723",44.3568474444017,2022-06-03 15:00:10,0.0632096068867326
"724",4.90422591351254,2022-06-03 17:00:09,0.106244354861137
"725",41.3855088768149,2022-06-03 19:00:09,0.0988843782651264
"726",61.8401931334939,2022-06-03 21:00:09,0.0981195834093825
"727",24.8748030424265,2022-06-03 23:00:08,0.0649186986144468
"728",0.675025515717625,2022-06-04 01:00:14,0.071341735395327
"729",43.8163483791498,2022-06-04 09:00:25,0.0821058962102353
"730",71.3125225315281,2022-06-04 11:00:12,0.0783443173824513
"731",22.1006612268524,2022-06-04 13:00:07,0.0870372684842683
"732",31.3672709744663,2022-06-04 15:00:10,0.111979240991737
"733",51.3357399091316,2022-06-04 17:00:14,0.0701194164526398
"734",179.613398764454,2022-06-04 19:00:10,0.0809735183310135
"735",78.5893533968945,2022-06-04 21:00:11,0.0769352402075376
"736",113.858548046979,2022-06-05 01:00:17,0.078918499093128
"737",141.570078197004,2022-06-05 03:00:11,0.101155929919089
"738",45.4517422108479,2022-06-05 05:00:27,0.0866072281266315
"739",39.9036920466812,2022-06-05 07:00:27,0.0652697317440168
"740",37.8346199820293,2022-06-05 09:00:09,0.0627645320123273
"741",49.5157166088902,2022-06-05 11:00:18,0.0627727974099477
"742",49.3822049592662,2022-06-05 13:00:08,0.0641022706858747
"743",26.4908894452631,2022-06-05 15:00:13,0.0718462351124201
"744",53.0006179153522,2022-06-05 17:00:16,0.0926099181737414
"745",4.69362866701799,2022-06-05 19:00:52,0.0637960056943145
"746",37.9102701377772,2022-06-05 21:00:08,0.0784726289447082
"747",35.8845845124024,2022-06-05 23:00:08,0.0713882519693733
"748",22.3304416652484,2022-06-06 01:00:20,0.070077361692192
"749",49.923598468109,2022-06-06 07:00:14,0.0705540287398395
"750",30.9882774899861,2022-06-06 09:00:14,0.0720313212621608
"751",115.890788155101,2022-06-06 11:00:11,0.0867214737877477
"752",152.715951496036,2022-06-06 15:00:09,0.106710191848076
"753",275.823482704682,2022-06-06 17:00:07,0.0860536018508563
"754",49.6149181047366,2022-06-06 21:00:09,0.0908679898843887
"755",18.3181095695469,2022-06-07 01:00:18,0.0684980179744997
"756",50.2887332059012,2022-06-07 03:00:24,0.0633793659582934
"757",20.13120656132,2022-06-07 05:00:25,0.0690034713733447
"758",14.7755783191344,2022-06-07 07:00:11,0.0790916865391378
"759",37.303359756293,2022-06-07 11:00:11,0.0707972794614753
"760",36.8221640646122,2022-06-07 13:00:09,0.0667921747083504
"761",69.0127499572534,2022-06-07 15:00:10,0.094732293201434
"762",83.3810478271734,2022-06-07 17:00:10,0.0805278166224916
"763",34.0208858705183,2022-06-07 19:00:09,0.0866800561535799
"764",11.6139463665207,2022-06-07 21:00:13,0.0813510503571669
"765",15.8604892870382,2022-06-08 01:00:09,0.0802916163468814
"766",38.5428271915957,2022-06-08 09:00:15,0.084873766403636
"767",116.296243681927,2022-06-08 11:00:12,0.077359970644809
"768",24.4904252790928,2022-06-08 13:00:07,0.068811071291114
"769",102.462704118176,2022-06-08 15:00:10,0.0889369914111792
"770",119.277901067814,2022-06-08 17:00:11,0.0810694627573642
"771",116.752882651482,2022-06-08 19:00:09,0.088146955991316
"772",33.1304711780209,2022-06-08 21:00:24,0.115961668372488
"773",40.6763844694302,2022-06-09 09:00:10,0.0761843367260995
"774",8.02415960152099,2022-06-09 11:00:10,0.0963884133078727
"775",28.0629805476603,2022-06-09 13:00:11,0.0679233928111912
"776",23.292247459694,2022-06-09 15:00:07,0.0805966056010441
"777",40.0076464473961,2022-06-09 17:00:18,0.117738517281662
"778",174.995334482146,2022-06-09 19:00:08,0.0631955216439898
"779",31.2561020040855,2022-06-09 21:00:08,0.101144835430437
"780",43.6615396110603,2022-06-10 03:00:25,0.0704952948362375
"781",65.7288144349214,2022-06-10 05:00:17,0.0693065926655174
"782",51.1464511214046,2022-06-10 09:00:11,0.0885946789733284
"783",39.1609730654061,2022-06-10 11:00:08,0.100647012469793
"784",7.86158978695054,2022-06-10 13:00:09,0.114165220449653
"785",3.03531666179031,2022-06-10 15:00:15,0.0760560848907655
"786",124.343648812794,2022-06-10 17:00:11,0.0959370411095726
"787",58.9433754703016,2022-06-10 19:00:10,0.0919328557196738
"788",185.956258265908,2022-06-10 21:00:10,0.0808212647015033
"789",11.1515319742909,2022-06-11 07:00:12,0.0909684534029351
"790",82.3736824017262,2022-06-11 09:00:16,0.0729109998373584
"791",43.9249773658535,2022-06-11 11:00:18,0.063278800343146
"792",17.3664882915246,2022-06-11 13:00:12,0.0720384421583367
"793",350.372727182439,2022-06-11 17:00:10,0.0822018247699365
"794",9.16685182391459,2022-06-11 19:00:09,0.089339998741115
"795",55.3424616031988,2022-06-11 21:00:10,0.0720624500697653
"796",27.6407581341861,2022-06-12 09:00:09,0.0735228031769102
"797",6.4768876781514,2022-06-12 11:00:09,0.103128425784143
"798",163.71137032123,2022-06-12 13:00:11,0.117172010511137
"799",71.7908932670525,2022-06-12 15:00:18,0.0905599355993047
"800",96.7579647744306,2022-06-12 17:00:21,0.123492186058956
"801",20.2902946137856,2022-06-12 19:00:18,0.0947810226220444
"802",55.5228591451411,2022-06-12 21:00:12,0.0921097745009081
"803",11.0898202556583,2022-06-12 23:01:16,0.0650929688349674
"804",2.89647754372502,2022-06-13 01:00:11,0.0684969390263698
"805",14.3538898905668,2022-06-13 05:00:13,0.0689926362799087
"806",28.4790787032359,2022-06-13 07:00:13,0.0813035258029291
"807",14.3929891686792,2022-06-13 09:00:08,0.0819873778347753
"808",8.17616482443252,2022-06-13 11:00:09,0.0914598166394585
"809",88.4077649434522,2022-06-13 15:00:15,0.0798103936721387
"810",66.1180968761101,2022-06-13 17:00:08,0.115587591386319
"811",96.0782466185006,2022-06-13 19:00:10,0.0912950801280644
"812",96.8157564283616,2022-06-14 01:00:22,0.0788470152548476
"813",106.868377666758,2022-06-14 05:00:20,0.0687544786213432
"814",156.851958457959,2022-06-14 07:00:06,0.0705979782562434
"815",169.478922926708,2022-06-14 09:00:11,0.0658593833490596
"816",4.12774916931542,2022-06-14 11:00:09,0.0803134029998956
"817",142.904563614932,2022-06-14 13:00:12,0.066153206670426
"818",103.466969029153,2022-06-14 15:00:09,0.082912946519989
"819",53.8119303772611,2022-06-14 17:00:15,0.0893471557180113
"820",30.9799548156902,2022-06-14 19:00:08,0.116438914405473
"821",58.8403226713683,2022-06-14 21:00:10,0.092262609009796
"822",28.1481521470213,2022-06-15 09:00:09,0.0912680060752878
"823",3.07746677212508,2022-06-15 11:00:14,0.0820607511089483
"824",37.1033210887008,2022-06-15 13:00:08,0.0691493121590705
"825",20.887719001699,2022-06-15 15:00:12,0.0694688666287846
"826",19.22251730202,2022-06-15 17:00:21,0.0643729407187121
"827",22.5510877309762,2022-06-15 19:00:12,0.125940342086621
"828",66.2886349694688,2022-06-15 21:00:09,0.0879075941063118
"829",82.4303546969451,2022-06-15 23:00:12,0.0755638061979221
"830",12.6532230957086,2022-06-16 07:00:18,0.0731895598329495
"831",51.0861510062534,2022-06-16 09:00:17,0.0710767122427427
"832",53.1840763305578,2022-06-16 11:00:12,0.0805221881803764
"833",194.303585805976,2022-06-16 13:00:09,0.0802649712898642
"834",142.045736039478,2022-06-16 15:00:07,0.095140664225378
"835",16.6586865234898,2022-06-16 17:00:18,0.0852449500087544
"836",72.4701891796749,2022-06-16 19:00:10,0.07403468184467
"837",48.8930579113717,2022-06-16 21:00:11,0.0917386301518324
"838",64.867081774604,2022-06-17 03:00:08,0.0826969526873846
"839",2.2309427543542,2022-06-17 05:00:26,0.0847195082577708
"840",37.69945780996,2022-06-17 07:00:14,0.0893666473603987
"841",36.9788920831168,2022-06-17 11:00:07,0.0691995902013008
"842",35.5678696142574,2022-06-17 13:00:08,0.06985551240285
"843",93.0954808756204,2022-06-17 15:00:10,0.0886387250937722
"844",97.6742568878826,2022-06-17 17:00:16,0.0789630210892526
"845",15.119592163739,2022-06-17 19:00:08,0.0697260511333592
"846",117.999891744749,2022-06-17 21:00:14,0.0795311233197926
"847",33.2309260740058,2022-06-18 09:00:07,0.0787312449001059
"848",53.8087323191008,2022-06-18 11:00:08,0.0691965087323203
"849",190.799611772701,2022-06-18 13:00:11,0.0771227029180167
"850",79.8602025258732,2022-06-18 15:00:14,0.0998933329686854
"851",67.8357189504871,2022-06-18 17:00:09,0.111795866282153
"852",11.6079974517745,2022-06-18 19:00:09,0.0848795351771674
"853",36.0513799326044,2022-06-18 21:00:17,0.0742939674509769
"854",48.1421884943366,2022-06-19 01:00:12,0.0702060011254762
"855",37.983577741057,2022-06-19 03:00:19,0.0671306258509191
"856",37.2402272866249,2022-06-19 05:00:25,0.0636365594727584
"857",71.9199535132687,2022-06-19 07:00:13,0.0641811224387508
"858",54.2155513404254,2022-06-19 09:00:07,0.0941397817708851
"859",30.8597203853899,2022-06-19 11:00:11,0.064531976019026
"860",59.5733154893997,2022-06-19 13:00:10,0.0995461100606477
"861",24.598460854829,2022-06-19 15:00:09,0.0630909809380966
"862",27.2004280696264,2022-06-19 17:00:17,0.0867075775871764
"863",116.591828363778,2022-06-19 19:00:11,0.0903023724019241
"864",70.0896702054649,2022-06-19 21:00:09,0.0677010425733451
"865",77.2975704504952,2022-06-19 23:00:12,0.0708576371925169
"866",5.03075612882084,2022-06-20 07:00:26,0.0731676083331892
"867",14.2393799689061,2022-06-20 09:00:25,0.0985697579166282
"868",83.9358890236188,2022-06-20 11:00:09,0.117009928887233
"869",64.4142765549719,2022-06-20 13:00:11,0.105446384307299
"870",82.5375352130524,2022-06-20 15:00:15,0.100081077418677
"871",19.6418468486706,2022-06-20 17:00:09,0.0970325260606201
"872",88.2121189650411,2022-06-20 19:00:12,0.125562642732052
"873",113.302171915479,2022-06-20 21:00:10,0.102242793964087
"874",41.484755165023,2022-06-21 03:00:11,0.0702479668522054
"875",41.1289426235994,2022-06-21 05:00:26,0.0657882368240452
"876",21.2320819443132,2022-06-21 07:00:09,0.0762645742466071
"877",57.5211505991534,2022-06-21 09:00:15,0.0720019687427884
"878",108.567565811644,2022-06-21 11:00:16,0.0940269933797297
"879",52.4503445421366,2022-06-21 13:00:10,0.0854651650085856
"880",146.126738902582,2022-06-21 15:00:11,0.073409901187114
"881",39.5888704123931,2022-06-21 17:00:11,0.109732660061978
"882",108.221053013891,2022-06-21 19:00:10,0.0772990943090854
"883",33.7675661934297,2022-06-21 21:00:10,0.110411430579567
"884",68.1230489743234,2022-06-21 23:00:10,0.0832783643201013
"885",15.3692873432622,2022-06-22 05:00:11,0.0783109765100716
"886",35.4299131975894,2022-06-22 07:00:10,0.0643616150334053
"887",38.7335517870096,2022-06-22 09:00:10,0.0784691536800221
"888",39.0123823110811,2022-06-22 11:00:12,0.0948002710595478
"889",213.311638576709,2022-06-22 15:00:21,0.130893433238782
"890",151.297249205771,2022-06-22 17:00:10,0.126547855889649
"891",179.370869717898,2022-06-22 19:00:10,0.0642252569349456
"892",74.1482504965101,2022-06-22 21:00:15,0.0826829144616856
"893",101.302699606059,2022-06-23 05:00:15,0.0811883524207178
"894",0.963566353720129,2022-06-23 07:00:26,0.069218279773324
"895",201.058559814436,2022-06-23 09:00:10,0.0668357204337863
"896",34.8527617613697,2022-06-23 11:00:11,0.0726818141295539
"897",90.0476817081833,2022-06-23 13:00:08,0.0771953884962401
"898",52.7870599924076,2022-06-23 15:00:21,0.0801620828251972
"899",142.889464586779,2022-06-23 17:00:12,0.0812952788336828
"900",6.14636706922151,2022-06-23 19:00:10,0.0902099468058957
"901",86.0065977789713,2022-06-23 21:00:21,0.0711854853597623
"902",96.6750042350411,2022-06-24 07:00:08,0.12410142755715
"903",31.4582861577114,2022-06-24 09:00:08,0.0907389856490371
"904",66.0760448768535,2022-06-24 11:00:09,0.0711022143562384
"905",48.5240227445822,2022-06-24 13:00:12,0.0658355951635572
"906",32.0772357767873,2022-06-24 15:00:09,0.106592471898393
"907",14.4262752370335,2022-06-24 17:00:13,0.0930396242893283
"908",17.8409291134102,2022-06-24 19:00:15,0.0633825744579209
"909",45.0417526580753,2022-06-24 21:00:25,0.0654692834216277
"910",36.6671581939679,2022-06-24 23:00:14,0.0724507408611731
"911",21.6234282166619,2022-06-25 11:00:16,0.0825883806255148
"912",206.22947074403,2022-06-25 13:00:22,0.0709915300210705
"913",202.733236829236,2022-06-25 15:00:13,0.0644289487949089
"914",44.3680925728926,2022-06-25 17:00:07,0.0924042999470207
"915",65.1801243425107,2022-06-25 19:00:10,0.0886973582718417
"916",31.2890098020111,2022-06-25 23:00:10,0.081122208810501
"917",0.750716493148847,2022-06-26 07:00:11,0.0826888992652809
"918",24.2962457572039,2022-06-26 09:00:10,0.068652446641567
"919",198.51561196289,2022-06-26 11:00:08,0.0763318966578258
"920",60.6527613287217,2022-06-26 13:00:13,0.063244043175472
"921",24.2395601917846,2022-06-26 15:00:26,0.071635772176211
"922",55.0029250400751,2022-06-26 17:00:12,0.103273893724709
"923",7.53205765870407,2022-06-26 19:00:11,0.0846294883938289
"924",72.7768037872237,2022-06-26 21:00:09,0.0769256852366582
"925",18.6064502052276,2022-06-26 23:00:11,0.0747482218847535
"926",7.8577759595345,2022-06-27 03:00:19,0.0768293462737553
"927",12.722250145634,2022-06-27 07:01:46,0.0705988805305837
"928",78.2920338792319,2022-06-27 09:00:07,0.0695542276709702
"929",1.97305327698507,2022-06-27 11:00:12,0.0800439828307718
"930",95.1091418430451,2022-06-27 13:00:11,0.0670611734164565
"931",93.1598591993344,2022-06-27 15:00:27,0.0707622290757438
"932",96.4123162261246,2022-06-27 17:00:10,0.0854391449911384
"933",14.6090962697644,2022-06-27 19:00:10,0.0788267877803595
"934",41.208958458337,2022-06-27 21:00:10,0.0662697138806256
"935",35.5538623066459,2022-06-27 23:00:07,0.0706783767915839
"936",37.5556615948065,2022-06-28 03:00:28,0.0732051683116004
"937",14.1530385975793,2022-06-28 05:00:09,0.0705121185139038
"938",65.0954781903766,2022-06-28 09:00:11,0.0766569262221716
"939",35.3433796156339,2022-06-28 11:00:12,0.077708481278965
"940",63.1881972148485,2022-06-28 13:00:12,0.0722314950303515
"941",64.9460594610307,2022-06-28 15:00:10,0.107667154903237
"942",53.2355530936841,2022-06-28 17:00:13,0.0816448844453541
"943",74.5643254702375,2022-06-28 19:00:09,0.0919326414026284
"944",25.4787853279145,2022-06-28 21:00:10,0.0757114054998083
"945",12.2953755820041,2022-06-29 01:00:16,0.0690577819750892
"946",32.1153642128328,2022-06-29 03:00:18,0.0688989005326237
"947",23.4562602368668,2022-06-29 07:00:26,0.0698871362749355
"948",34.3443971272132,2022-06-29 09:00:13,0.0686629974272904
"949",42.9557783243881,2022-06-29 11:00:08,0.0693025452245025
"950",107.998095742807,2022-06-29 13:00:12,0.0795755756693694
"951",86.4643208986661,2022-06-29 15:00:11,0.0784586091941871
"952",5.0868452402803,2022-06-29 17:00:10,0.117220929766373
"953",27.9889074440712,2022-06-29 19:00:11,0.0779945776486898
"954",34.0247952096667,2022-06-29 21:00:08,0.0725125975984393
"955",47.8368720340492,2022-06-30 07:00:13,0.0800526435819982
"956",64.7027419443303,2022-06-30 09:00:25,0.0997751921369477
"957",279.868377036735,2022-06-30 13:00:12,0.0940086963810311
"958",256.038884320691,2022-06-30 15:00:12,0.1001825823119
"959",36.6316272053209,2022-06-30 19:00:12,0.0818184161098936
"960",48.453653885352,2022-06-30 23:00:25,0.0798670987564976
"961",47.7806909852335,2022-07-01 07:00:21,0.0878044430656497
"962",45.0565319487777,2022-07-01 09:00:11,0.0736050918676223
"963",101.598797868362,2022-07-01 11:00:11,0.107918168795679
"964",57.4984693779189,2022-07-01 13:00:12,0.0673976276722228
"965",124.72492505778,2022-07-01 15:00:10,0.0827782102301074
"966",90.1114192211683,2022-07-01 17:00:13,0.0664812769539801
"967",121.392174568966,2022-07-01 19:00:12,0.0717610978368461
"968",155.899433643461,2022-07-01 21:00:11,0.0751063020940344
"969",180.909039023914,2022-07-02 09:00:11,0.0715112940089608
"970",76.138797373852,2022-07-02 11:00:12,0.0884298653728491
"971",28.9867438113924,2022-07-02 13:00:13,0.0730792363115716
"972",78.0442995015598,2022-07-02 15:00:22,0.0886573971444356
"973",45.7135783848477,2022-07-02 17:00:12,0.0923424284316243
"974",109.122134959943,2022-07-02 19:00:16,0.0641572121009935
"975",34.4552143703847,2022-07-02 21:00:11,0.0719669611425897
"976",45.6005130235967,2022-07-02 23:00:12,0.0862343375724854
"977",39.5762848118664,2022-07-03 07:00:28,0.0723992201032723
"978",21.6532610256398,2022-07-03 09:00:24,0.0806283434981179
"979",77.4435051058543,2022-07-03 11:00:12,0.0792949004784365
"980",36.3013812552936,2022-07-03 13:00:14,0.121537108026076
"981",5.67221135914747,2022-07-03 15:00:24,0.10137977228652
"982",14.7755501276063,2022-07-03 17:00:12,0.0887300023912709
"983",11.7331884449724,2022-07-03 19:00:12,0.0749195602417809
"984",100.378823016952,2022-07-03 21:00:08,0.0842460125017727
"985",22.224662514189,2022-07-04 01:00:25,0.0691005678731327
"986",21.3972624302477,2022-07-04 03:00:28,0.0711207890723574
"987",47.7111344558486,2022-07-04 09:00:14,0.0737537338489222
"988",104.985516612612,2022-07-04 11:00:38,0.08961085981911
"989",33.8000379743523,2022-07-04 13:00:26,0.0727913169446281
"990",37.86259431078,2022-07-04 15:00:11,0.0934191292119948
"991",75.2978620377956,2022-07-04 17:00:10,0.0853140069557584
"992",11.3927310389787,2022-07-04 19:00:09,0.0764233029827374
"993",13.1916137176911,2022-07-04 21:00:26,0.0915107061167131
"994",14.1754298996156,2022-07-05 01:00:11,0.0701628829571299
"995",10.0659682328166,2022-07-05 03:00:18,0.0704909982267653
"996",18.4035625918113,2022-07-05 09:00:09,0.0765998739083438
"997",27.2216961036382,2022-07-05 11:00:25,0.106568231379326
"998",233.556687451155,2022-07-05 13:00:07,0.0638518267293174
"999",2.00691159006419,2022-07-05 15:00:09,0.155115265741915
"1000",6.95359827198036,2022-07-05 17:00:10,0.0904427522427499
"1001",39.7795180247193,2022-07-05 19:00:07,0.112669938150668
"1002",96.8161031022613,2022-07-05 21:00:07,0.0693360825613112
"1003",36.9777906317453,2022-07-06 01:00:26,0.0785236750927789
"1004",68.3666351098783,2022-07-06 07:00:17,0.0767297759845846
"1005",28.3275290641109,2022-07-06 09:00:09,0.0706955677065182
"1006",158.393180295723,2022-07-06 11:00:07,0.107470417522247
"1007",120.2713797417,2022-07-06 13:00:11,0.126872332592244
"1008",59.403197775117,2022-07-06 15:00:12,0.0629147400605275
"1009",196.135798380371,2022-07-06 17:00:08,0.128944168564183
"1010",59.865467273185,2022-07-06 19:00:08,0.10385759752173
"1011",30.3871839706274,2022-07-06 21:00:09,0.0730878203055761
"1012",46.7389651116322,2022-07-06 23:00:13,0.0716986240144523
"1013",42.1149949184767,2022-07-07 07:00:16,0.0843865246780353
"1014",60.3012965953737,2022-07-07 11:00:10,0.0826686425698878
"1015",152.004308628738,2022-07-07 15:00:11,0.090397637692512
"1016",174.470532356781,2022-07-07 17:00:08,0.0708107196492405
"1017",5.75621463643475,2022-07-07 19:00:08,0.0995014568565899
"1018",33.7214181541819,2022-07-07 21:00:08,0.112707436088202
"1019",33.8016434083962,2022-07-08 01:00:26,0.0702326769085517
"1020",45.2010262105079,2022-07-08 03:00:11,0.0693843915185232
"1021",21.5238821383114,2022-07-08 07:00:09,0.0768358960119626
"1022",49.3879635162473,2022-07-08 11:00:12,0.099850953695405
"1023",23.2683872232884,2022-07-08 13:00:07,0.106191131469402
"1024",41.0891683114985,2022-07-08 17:00:09,0.0718825509607323
"1025",17.9074092425034,2022-07-08 19:00:09,0.100304742591417
"1026",40.9776442751692,2022-07-08 21:00:13,0.0863054610709297
"1027",51.5200844709739,2022-07-09 11:00:09,0.0711628547388663
"1028",46.2746969457469,2022-07-09 13:00:14,0.0758409326723561
"1029",152.3854467526,2022-07-09 15:00:11,0.0818592845110369
"1030",329.059326314281,2022-07-09 17:00:09,0.11560188500501
"1031",14.2380167869832,2022-07-09 19:00:09,0.0789514392881881
"1032",25.8195449674433,2022-07-09 21:00:17,0.0751724066836498
"1033",12.3256484975582,2022-07-10 03:00:26,0.0781572626321119
"1034",9.30754019825638,2022-07-10 07:00:26,0.0696345703651673
"1035",30.7656967231463,2022-07-10 09:00:09,0.0637898654188658
"1036",58.243182946118,2022-07-10 11:00:13,0.066060055139579
"1037",37.3699523253285,2022-07-10 13:00:14,0.0736049348863183
"1038",95.2447044623922,2022-07-10 15:00:15,0.0777114893289308
"1039",59.9086609372799,2022-07-10 17:00:11,0.100801976307372
"1040",17.0503111729616,2022-07-10 19:00:10,0.0945577740431946
"1041",41.846994032672,2022-07-11 13:00:11,0.0729940887750926
"1042",24.6259640128265,2022-07-11 15:00:38,0.0759018083174324
"1043",211.869172073197,2022-07-11 19:00:08,0.0802938772928996
"1044",35.7130042291043,2022-07-12 01:00:20,0.0815676873517182
"1045",36.4966000278849,2022-07-12 07:00:21,0.0818105846976848
"1046",5.10244666780969,2022-07-12 13:00:12,0.0816504976315671
"1047",18.9715480547702,2022-07-12 19:00:08,0.0817493383555042
"1048",36.170587655511,2022-07-13 01:00:12,0.0811741664321589
"1049",18.864677387454,2022-07-13 07:00:16,0.0849820538657148
"1050",120.649603169672,2022-07-13 13:00:13,0.0813622929718133
"1051",184.279119517157,2022-07-13 19:00:13,0.0853054671869887
"1052",38.6171135953753,2022-07-14 01:00:12,0.0821566391323494
"1053",62.5733651470417,2022-07-14 07:00:09,0.083458793574097
"1054",11.7071460988459,2022-07-14 13:00:25,0.0809182886799708
"1055",55.3876943683691,2022-07-14 19:00:10,0.0825990713047854
"1056",30.4922902734432,2022-07-15 07:00:10,0.0845814746291947
"1057",18.626526422134,2022-07-15 13:00:13,0.0811777949203996
"1058",68.025747708364,2022-07-15 19:00:10,0.0839729085704183
"1059",39.6390682977191,2022-07-16 01:00:15,0.0828254625932709
"1060",8.03795899741196,2022-07-16 07:00:15,0.0828071503976283
"1061",87.7527605332317,2022-07-16 13:00:19,0.0819184334435819
"1062",87.7154863100532,2022-07-16 19:00:11,0.0828124274042241
"1063",54.9596119799937,2022-07-17 01:00:15,0.0823670961606913
"1064",183.906284068611,2022-07-17 13:00:16,0.0851984815761464
"1065",13.0846735334001,2022-07-17 19:00:11,0.0881549142467991
"1066",44.9888018683661,2022-07-18 07:00:11,0.0823597647270788
"1067",59.6131583031068,2022-07-18 13:00:10,0.0840034856855391
"1068",32.6117529668564,2022-07-18 19:00:55,0.0836253190393933
"1069",126.944340183823,2022-07-19 13:00:12,0.0845272668684345
"1070",76.515950597635,2022-07-19 19:00:08,0.0843019924167894
"1071",16.0451053529087,2022-07-20 01:00:24,0.0815098999535749
"1072",45.5273944047923,2022-07-20 07:00:15,0.0812300181686191
"1073",14.8864808600219,2022-07-20 13:00:14,0.0862920617365549
"1074",34.1350004840458,2022-07-20 19:00:10,0.0844732358861051
"1075",43.4531003542553,2022-07-21 13:00:12,0.0824580643644939
"1076",28.7216967143891,2022-07-21 19:00:08,0.0827674425668588
"1077",19.1588698442018,2022-07-22 13:00:09,0.0856584373545329
"1078",38.8399391051374,2022-07-22 19:00:08,0.0824781404656711
"1079",46.0186425797472,2022-07-23 13:00:14,0.0833944781235119
"1080",55.5919433898715,2022-07-23 19:00:12,0.0852888067409838
"1081",61.6026792899958,2022-07-24 07:00:07,0.0843030423857363
"1082",25.0925517171766,2022-07-24 19:00:09,0.0823359016490338
"1083",29.0756257231958,2022-07-25 01:00:25,0.0830369497803873
"1084",11.2403180984482,2022-07-25 07:00:13,0.0816813832244416
"1085",60.5463356100179,2022-07-25 13:00:07,0.0853400041706903
"1086",79.7767916324003,2022-07-25 19:00:09,0.0793813465085296
"1087",205.138983200445,2022-07-25 23:01:02,0.0708340540278194
"1088",109.274599090252,2022-07-26 01:00:25,0.0716997539123553
"1089",102.936968972807,2022-07-26 07:00:07,0.0878043876441244
"1090",25.5305447646984,2022-07-26 13:00:10,0.0856867659260111
"1091",32.6479229644458,2022-07-26 19:00:11,0.0847512311609522
"1092",30.3000398652166,2022-07-27 01:00:16,0.0819378021284388
"1093",37.4766065615535,2022-07-27 07:00:19,0.0828890104634935
"1094",51.5740482948793,2022-07-27 13:00:11,0.0826431544256327
"1095",13.2305564126302,2022-07-27 19:00:08,0.0835383026328517
"1096",20.3329524485365,2022-07-28 01:00:17,0.0826633171045245
"1097",52.7758383927737,2022-07-28 07:00:13,0.0829888826435848
"1098",87.0194125903241,2022-07-28 13:00:13,0.0824332442188122
"1099",21.9032293121308,2022-07-29 01:00:10,0.0836139695951102
"1100",56.5724340336543,2022-07-29 07:00:13,0.0826821821409058
"1101",56.3372593783217,2022-07-29 19:00:11,0.0834558513606401
"1102",38.2234177335051,2022-07-30 01:00:12,0.081740913200594
"1103",37.4909289149632,2022-07-30 07:00:26,0.0807731656195085
"1104",44.2311769419139,2022-07-30 13:00:25,0.0822651557469506
"1105",25.4076554561905,2022-07-31 01:00:21,0.0837921498108969
"1106",24.5674044377838,2022-07-31 13:00:19,0.0837933423614855
"1107",45.0163322832044,2022-08-01 01:00:13,0.0837925620724462
"1108",26.5566074733196,2022-08-01 13:00:19,0.0823023863778389
"1109",39.4061957611802,2022-08-01 19:00:16,0.0806761090984094
"1110",30.3700776220114,2022-08-02 01:00:10,0.0705831378188331
"1111",33.6501681857916,2022-08-02 03:01:01,0.069079203993188
"1112",30.4574488796855,2022-08-02 07:00:13,0.0781917068194309
"1113",26.7821834856477,2022-08-02 13:00:09,0.0830657791649351
"1114",352.508411362874,2022-08-02 19:00:10,0.0941909014590912
"1115",17.6067337564947,2022-08-03 01:00:26,0.0845598346708211
"1116",25.2455310245594,2022-08-03 07:00:08,0.0911094377890932
"1117",99.5399779191047,2022-08-03 13:00:07,0.0817592280898374
"1118",33.3429136691532,2022-08-03 19:00:09,0.0826489684318403
"1119",16.5137027555887,2022-08-04 13:00:13,0.0841611069998951
"1120",94.1893833238493,2022-08-05 13:00:12,0.0880417959152027
"1121",23.8780299002412,2022-08-05 19:00:14,0.0859952091727738
"1122",67.0439689094744,2022-08-06 01:00:10,0.0820395549376362
"1123",11.7011878315287,2022-08-06 07:00:25,0.0831660929241207
"1124",31.1885483269544,2022-08-06 13:00:25,0.085915462730967
"1125",39.4061968226997,2022-08-06 19:00:09,0.0835117737434676
"1126",17.2035777036271,2022-08-07 07:00:08,0.0829234225778772
"1127",138.570323103961,2022-08-07 13:00:26,0.0839550244882526
"1128",87.7451727649878,2022-08-07 19:00:14,0.0816523445131978
"1129",34.7400539746348,2022-08-07 23:00:11,0.0902076423887155
"1130",47.1574888528952,2022-08-08 09:00:10,0.0712705681189112
"1131",52.6723508930464,2022-08-08 11:00:27,0.0690700570607403
"1132",59.5909005535003,2022-08-08 13:00:10,0.0897445918864988
"1133",3.05615523282394,2022-08-08 17:00:09,0.087025194341652
"1134",99.4014841062794,2022-08-08 19:00:10,0.120794062278755
"1135",52.2826575667839,2022-08-08 21:00:14,0.0922281378451922
"1136",29.2588492334021,2022-08-08 23:00:19,0.0688805445511481
"1137",26.0234035679456,2022-08-09 01:00:26,0.0707236051952038
"1138",30.6215954510665,2022-08-09 07:01:12,0.0900077374582649
"1139",25.3322131425389,2022-08-09 09:00:11,0.0721011646260407
"1140",19.6243850580602,2022-08-09 11:00:25,0.0632018165794897
"1141",8.66659621496837,2022-08-09 13:00:13,0.0646503463379543
"1142",23.0038066276934,2022-08-09 15:00:09,0.11650164312865
"1143",66.8733172950328,2022-08-09 17:00:12,0.104003558002237
"1144",65.0733437395091,2022-08-09 21:00:08,0.0881471777296202
"1145",13.4024252247106,2022-08-09 23:00:10,0.0731240986261151
"1146",5.54107894098362,2022-08-10 01:00:15,0.0748512825212706
"1147",33.8893080471098,2022-08-10 03:00:14,0.0673851725271838
"1148",33.7047527672002,2022-08-10 05:00:09,0.0757879121943829
"1149",14.6300206136582,2022-08-10 07:00:18,0.0940653982829739
"1150",65.4447900984111,2022-08-10 09:00:13,0.0718616782960627
"1151",51.8614477695425,2022-08-10 13:00:10,0.10809426980027
"1152",38.1454588177902,2022-08-10 15:00:11,0.0850429874175784
"1153",30.0163024934476,2022-08-10 17:00:15,0.0964986710025079
"1154",63.7644073146809,2022-08-10 19:00:08,0.0803782548318184
"1155",46.2749321064174,2022-08-10 21:00:08,0.108374947374587
"1156",41.2857332277678,2022-08-11 01:00:14,0.0763376262449893
"1157",32.9060309081748,2022-08-11 05:00:27,0.0695657470230761
"1158",55.1303485362569,2022-08-11 07:00:13,0.080333724922272
"1159",49.2384012816166,2022-08-11 09:00:12,0.0778963190324251
"1160",39.9846989517958,2022-08-11 11:00:10,0.113814126148773
"1161",46.5455213493221,2022-08-11 13:00:07,0.0918244773650052
"1162",29.3478125826256,2022-08-11 15:00:12,0.0880311337675874
"1163",23.9238214818613,2022-08-11 17:00:10,0.0685761645622546
"1164",79.771221530667,2022-08-11 21:00:10,0.079412299408421
"1165",95.1209300952908,2022-08-12 03:00:26,0.0746315614836802
"1166",26.7359732626526,2022-08-12 05:00:15,0.0778070970921132
"1167",67.0706847682117,2022-08-12 09:00:21,0.106547378569345
"1168",22.3410981143645,2022-08-12 11:00:08,0.0914132727910349
"1169",19.2697436248217,2022-08-12 13:00:15,0.0674689816740787
"1170",19.095688884278,2022-08-12 15:00:25,0.0832950113019642
"1171",61.9787588283338,2022-08-12 17:00:11,0.0897990686800186
"1172",61.4304499444172,2022-08-12 19:00:21,0.0969562143590746
"1173",21.8987446715616,2022-08-12 21:00:08,0.0793020269330656
"1174",54.8690010825687,2022-08-12 23:00:25,0.0710370114944124
"1175",65.4401133835775,2022-08-13 01:00:25,0.0701981481608652
"1176",42.9385748836638,2022-08-13 05:00:11,0.116801210208398
"1177",160.520518984216,2022-08-13 07:00:07,0.0745981765664017
"1178",47.9488036406142,2022-08-13 09:00:09,0.0804890862064749
"1179",82.9202518037842,2022-08-13 11:00:18,0.0665847843163715
"1180",25.0220039213806,2022-08-13 13:00:12,0.0637889205450109
"1181",13.3980207922075,2022-08-13 15:00:19,0.0854085726537028
"1182",6.90798039606671,2022-08-13 17:00:07,0.124986195785208
"1183",45.4959631333229,2022-08-13 19:00:08,0.123421394052303
"1184",33.7898549257121,2022-08-13 23:00:09,0.0737807449757547
"1185",50.2989390786738,2022-08-14 01:00:20,0.0672930071148791
"1186",47.4750411865819,2022-08-14 03:00:25,0.0684309486212502
"1187",82.2723311539603,2022-08-14 07:00:15,0.0742938934107405
"1188",24.5225182061204,2022-08-14 09:00:13,0.098008012842336
"1189",143.807624824768,2022-08-14 11:00:11,0.0693632399507696
"1190",103.704741397554,2022-08-14 13:00:10,0.0656328763128806
"1191",35.1242798966493,2022-08-14 15:00:25,0.0656215928810244
"1192",41.0115277229175,2022-08-14 17:00:09,0.0999952953144006
"1193",50.7065698803456,2022-08-14 19:00:10,0.0669053434703329
"1194",69.0374504091207,2022-08-14 21:00:11,0.06782956842479
"1195",21.8939566931756,2022-08-14 23:00:08,0.0785337162134861
"1196",46.3733912473494,2022-08-15 01:00:22,0.0750401580876825
"1197",32.543489907234,2022-08-15 05:00:26,0.0699094988280169
"1198",35.2936624207714,2022-08-15 07:00:14,0.0764083537060286
"1199",31.2727169499702,2022-08-15 09:00:11,0.0711074637230931
"1200",42.2260619458182,2022-08-15 11:00:09,0.0726555886338499
"1201",46.9947200931831,2022-08-15 13:00:25,0.0629269337276801
"1202",46.9023405912377,2022-08-15 15:00:09,0.0637681983841572
"1203",30.0021572013728,2022-08-15 17:00:09,0.0792127076044581
"1204",18.4225644266745,2022-08-15 19:00:08,0.0942008178555145
"1205",53.2595904456136,2022-08-15 21:00:14,0.130511856397601
"1206",46.4486199036104,2022-08-15 23:00:09,0.0962424764903557
"1207",93.9289165487466,2022-08-16 05:00:12,0.0711130684020917
"1208",82.8643142588442,2022-08-16 07:00:16,0.0715520574107566
"1209",24.9048638607369,2022-08-16 09:00:08,0.0793121057636215
"1210",13.1482539353594,2022-08-16 11:01:40,0.0887391878062692
"1211",32.1919270070057,2022-08-16 13:00:15,0.0798685974442546
"1212",28.9763422265527,2022-08-16 15:00:09,0.0671865159380395
"1213",16.7634310970198,2022-08-16 17:00:11,0.0830481078882971
"1214",35.6233250819135,2022-08-16 21:00:11,0.101797904431045
"1215",23.3220149539523,2022-08-16 23:00:11,0.0870033880696043
"1216",49.6497010613516,2022-08-17 01:00:09,0.071838848180646
"1217",34.596430535344,2022-08-17 07:00:27,0.0769493006191924
"1218",24.8563238769868,2022-08-17 09:00:14,0.0828539576624455
"1219",78.6115583878888,2022-08-17 11:00:14,0.0995279056818011
"1220",22.267527100632,2022-08-17 13:00:09,0.0668360950922662
"1221",25.4006509888753,2022-08-17 15:00:10,0.10517334311676
"1222",13.5667877388963,2022-08-17 17:00:27,0.0732298322702373
"1223",55.7500906550458,2022-08-17 21:00:12,0.112224560994226
"1224",31.7244698084809,2022-08-17 23:00:10,0.112016079541036
"1225",1.27403667713723,2022-08-18 01:00:10,0.0717034036002885
"1226",45.290068111447,2022-08-18 05:00:16,0.0684582086036901
"1227",30.1122497287745,2022-08-18 07:00:10,0.0653406308740109
"1228",9.64908984820348,2022-08-18 09:00:10,0.069898603047825
"1229",35.3239954359294,2022-08-18 11:00:20,0.102647309132256
"1230",72.8361766750076,2022-08-18 13:00:10,0.125180001013869
"1231",52.6701338952413,2022-08-18 15:00:09,0.0888726228182008
"1232",59.5464952751823,2022-08-18 17:00:12,0.095109839329482
"1233",60.73786653844,2022-08-18 19:00:11,0.138949667701582
"1234",36.0772080565153,2022-08-18 21:00:09,0.0859482575209665
"1235",55.5049165190493,2022-08-18 23:00:11,0.084140667263946
"1236",50.4406723513343,2022-08-19 01:00:26,0.0628765668801098
"1237",57.7092889415133,2022-08-19 03:00:13,0.0633679189458876
"1238",44.5851899985484,2022-08-19 05:00:28,0.0649316520091378
"1239",45.7573149313355,2022-08-19 07:00:12,0.066211876302866
"1240",44.7158556425243,2022-08-19 09:00:11,0.0776980664335476
"1241",139.529835165385,2022-08-19 11:00:10,0.0889458982594113
"1242",70.1674431254678,2022-08-19 13:00:12,0.0773105454275934
"1243",34.59332061526,2022-08-19 17:00:11,0.0901150255519333
"1244",6.62533579290038,2022-08-19 19:00:10,0.114985834355285
"1245",11.3752203785067,2022-08-19 23:00:09,0.0780320270477888
"1246",17.7053729710473,2022-08-20 01:00:18,0.0677454756071377
"1247",6.90894259605888,2022-08-20 03:00:15,0.0648638676212554
"1248",19.8602341024124,2022-08-20 05:00:12,0.0634411791407844
"1249",19.2895102068194,2022-08-20 07:00:09,0.0680469998345518
"1250",66.8893608070002,2022-08-20 09:00:08,0.108541467710848
"1251",12.3288656138223,2022-08-20 11:00:23,0.133639336987425
"1252",19.167498166529,2022-08-20 13:00:12,0.0913273536447178
"1253",22.4402541190358,2022-08-20 15:00:14,0.0700731483992443
"1254",337.691536684823,2022-08-20 17:00:11,0.0895350744091905
"1255",254.553906583427,2022-08-20 19:00:10,0.0889542564882606
"1256",32.5431313681224,2022-08-21 01:00:14,0.0920300139181951
"1257",43.6557448611211,2022-08-21 03:00:18,0.0958934802383224
"1258",84.7634868581811,2022-08-21 05:00:08,0.0992230877638149
"1259",56.3604949467255,2022-08-21 07:00:16,0.0649344752091371
"1260",7.27889959877909,2022-08-21 09:00:17,0.0847594305955395
"1261",20.4448959688737,2022-08-21 11:00:27,0.110063406238181
"1262",20.9775147024464,2022-08-21 13:00:15,0.101731377073544
"1263",34.4239473909892,2022-08-21 15:00:28,0.07795677997222
"1264",136.516893646525,2022-08-21 17:00:19,0.0925371651351782
"1265",158.469108119725,2022-08-21 19:00:12,0.139440619977578
"1266",6.22075521272425,2022-08-21 21:00:12,0.0795776718376463
"1267",18.6900341719872,2022-08-21 23:00:16,0.0725131055987658
"1268",46.394346178372,2022-08-22 05:00:28,0.0714693307932557
"1269",43.868078174299,2022-08-22 07:00:10,0.0646604119194403
"1270",25.4772897561634,2022-08-22 09:00:14,0.0697377492661869
"1271",37.2884480053569,2022-08-22 13:00:28,0.0713734532787148
"1272",40.6049337056959,2022-08-22 15:00:15,0.0895998101880754
"1273",8.45245202436165,2022-08-22 17:00:12,0.114014483722145
"1274",49.4203026235898,2022-08-22 19:00:08,0.100986828081281
"1275",33.8457876439989,2022-08-22 21:00:10,0.063094945380077
"1276",47.603565902986,2022-08-22 23:00:24,0.105888610569583
"1277",63.8498513237275,2022-08-23 01:00:19,0.0816707256528641
"1278",61.5166491072566,2022-08-23 03:00:20,0.0695276873109568
"1279",44.5063487725602,2022-08-23 07:00:20,0.0686240015448442
"1280",39.5557816919519,2022-08-23 09:00:27,0.0703775116657336
"1281",11.478239882897,2022-08-23 11:00:12,0.0699982483923645
"1282",27.6984509869953,2022-08-23 13:00:23,0.0636322638368121
"1283",31.6322201843425,2022-08-23 15:00:38,0.0639782500007733
"1284",263.051542439228,2022-08-23 17:00:09,0.102866729733923
"1285",169.956671777979,2022-08-23 19:00:08,0.107186417015786
"1286",73.5539663609092,2022-08-23 21:00:12,0.0972660150694808
"1287",78.5501139626895,2022-08-23 23:00:10,0.064044058005274
"1288",58.7322156329374,2022-08-24 01:00:25,0.0686836990563034
"1289",62.9874957375859,2022-08-24 05:00:09,0.0773666430829643
"1290",11.8251760183664,2022-08-24 09:00:18,0.120860650091667
"1291",60.1247799255031,2022-08-24 11:00:10,0.0724418839627848
"1292",31.6931506715466,2022-08-24 13:00:08,0.0848173732214067
"1293",181.669332625491,2022-08-24 15:00:12,0.0645910191644631
"1294",140.448792532704,2022-08-24 17:00:08,0.113556119136862
"1295",43.2097089635978,2022-08-24 19:00:07,0.1136524179716
"1296",105.824282564973,2022-08-24 21:00:07,0.0899430143407472
"1297",71.7248412494827,2022-08-24 23:00:10,0.0634376951758062
"1298",64.0186654111237,2022-08-25 01:00:09,0.0703067500905253
"1299",39.7800293031403,2022-08-25 07:00:15,0.0809597528911744
"1300",44.4886042139224,2022-08-25 09:00:07,0.0790969688112341
"1301",100.6962745858,2022-08-25 11:00:09,0.108297453810766
"1302",14.0019340836012,2022-08-25 13:00:21,0.0842024923841913
"1303",46.917420181384,2022-08-25 15:00:09,0.119933382063529
"1304",87.6027239335998,2022-08-25 17:00:07,0.0650678136861369
"1305",188.482617574266,2022-08-25 19:00:06,0.126010649500744
"1306",30.9800435379126,2022-08-25 21:00:13,0.0853287029078235
"1307",13.9631173485232,2022-08-26 01:00:24,0.0695928468001933
"1308",36.368308069602,2022-08-26 03:00:12,0.0708773102448533
"1309",26.9225596616456,2022-08-26 09:00:16,0.0854358251772213
"1310",52.4379004507983,2022-08-26 11:00:13,0.0855433805635636
"1311",46.1619986956034,2022-08-26 13:00:11,0.0816358543937143
"1312",24.8882354825644,2022-08-26 15:00:10,0.102222504929387
"1313",80.8584521813273,2022-08-26 17:00:09,0.0875308624950017
"1314",54.0153719521562,2022-08-26 19:00:09,0.140097372324848
"1315",48.2128549874146,2022-08-26 21:00:09,0.103357629203485
"1316",79.4694505075387,2022-08-26 23:00:20,0.0947569365817372
"1317",85.216807702889,2022-08-27 03:00:22,0.0687509256295671
"1318",88.9417202570504,2022-08-27 05:00:13,0.0634132472976322
"1319",99.2428473181551,2022-08-27 07:00:16,0.0697000662752566
"1320",25.491416283954,2022-08-27 09:00:15,0.0675981977634768
"1321",12.6158948909997,2022-08-27 11:00:26,0.0658763654569255
"1322",26.4037845088687,2022-08-27 13:00:10,0.115401957907088
"1323",17.0350297376199,2022-08-27 15:00:11,0.0758733939329975
"1324",215.147409429189,2022-08-27 17:00:11,0.177165351272649
"1325",8.16077392628368,2022-08-27 19:00:08,0.0775144336740778
"1326",17.6627855261099,2022-08-27 21:00:09,0.101339695030498
"1327",71.2430597759221,2022-08-27 23:00:09,0.0973328917206902
"1328",71.9365016022176,2022-08-28 07:00:11,0.0886293446876499
"1329",80.337666359192,2022-08-28 09:00:08,0.0883810869105025
"1330",181.785060828778,2022-08-28 11:00:09,0.0708081747655037
"1331",26.730771844536,2022-08-28 13:00:26,0.0710024234698615
"1332",107.012308833438,2022-08-28 19:00:07,0.0850726869643221
"1333",56.2702905713362,2022-08-28 21:00:14,0.0721781954548207
"1334",61.4229749478902,2022-08-29 03:00:11,0.0811099134786564
"1335",35.6736616483317,2022-08-29 07:00:10,0.119109930989966
"1336",84.2490516789085,2022-08-29 09:00:21,0.0749644151196565
"1337",48.0587127217614,2022-08-29 11:00:11,0.12699624504542
"1338",60.920417453353,2022-08-29 13:00:07,0.0632972565869415
"1339",17.8055451952361,2022-08-29 15:00:09,0.069657959523255
"1340",14.4856937161149,2022-08-29 17:00:09,0.075736601519496
"1341",34.3480527168564,2022-08-29 19:00:11,0.0873344860131391
"1342",16.8212428781419,2022-08-29 21:00:08,0.0879882979362263
"1343",100.119564693754,2022-08-30 03:00:18,0.0822211352380484
"1344",26.0755024929842,2022-08-30 09:00:12,0.0979921450157967
"1345",47.4717872249623,2022-08-30 11:00:14,0.0998239859993655
"1346",28.0934986657299,2022-08-30 13:00:15,0.0673113835456433
"1347",102.358320644127,2022-08-30 15:00:09,0.0707627137987172
"1348",15.5693983655668,2022-08-30 17:00:10,0.0885549005946689
"1349",37.3789822015457,2022-08-30 19:00:37,0.095357366874656
"1350",56.2311377333056,2022-08-30 21:00:08,0.108666962337396
"1351",55.0208075279383,2022-08-30 23:00:15,0.123091320330237
"1352",10.1606218317484,2022-08-31 05:00:18,0.079186046661121
"1353",61.3533004535455,2022-08-31 09:00:09,0.0810318292391349
"1354",53.0527947237925,2022-08-31 11:00:25,0.0867572530804426
"1355",42.1705427767609,2022-08-31 13:00:08,0.0807799720306497
"1356",110.206694459337,2022-08-31 15:00:08,0.0838517199317338
"1357",143.382716473424,2022-08-31 17:00:08,0.0962635898384712
"1358",7.73468674281221,2022-08-31 19:00:07,0.0650453172241271
"1359",125.852213029368,2022-08-31 21:00:07,0.0763437206957067
"1360",140.917098749341,2022-08-31 23:00:10,0.0694858314966812
"1361",134.36613638042,2022-09-01 03:00:15,0.0758386671143337
"1362",107.974245462059,2022-09-01 07:00:16,0.0697759879422648
"1363",109.69018441312,2022-09-01 09:00:09,0.082249203518604
"1364",135.25661116698,2022-09-01 11:00:11,0.102513705872472
"1365",45.149798517512,2022-09-01 13:00:10,0.0836961570262215
"1366",22.9105823361552,2022-09-01 15:00:10,0.0732873896111772
"1367",84.0490286552247,2022-09-01 17:00:07,0.106429194558193
"1368",2.29697582266949,2022-09-01 19:00:06,0.0989547766145893
"1369",86.9792059926401,2022-09-01 23:00:15,0.0797048589494059
"1370",99.0533123854494,2022-09-02 07:00:16,0.0743814923459682
"1371",57.2593355437134,2022-09-02 09:00:18,0.0772887237687201
"1372",52.3327876630064,2022-09-02 13:00:16,0.0747197004988487
"1373",88.8200545609936,2022-09-02 15:00:10,0.107835376320487
"1374",56.8420813307918,2022-09-02 17:00:09,0.077428874414237
"1375",25.0820878125239,2022-09-02 19:00:12,0.162979905587095
"1376",282.383233500069,2022-09-02 21:00:09,0.0809532119154326
"1377",3.55838614274967,2022-09-02 23:00:14,0.0780889117034448
"1378",20.7294895211208,2022-09-03 01:00:08,0.0631955641105054
"1379",24.4315756878074,2022-09-03 03:00:19,0.0713637424884353
"1380",29.6100230714797,2022-09-03 07:00:10,0.0989137492348006
"1381",16.3557209426724,2022-09-03 09:00:10,0.078594623228629
"1382",23.8647978370412,2022-09-03 11:00:13,0.0911603017205011
"1383",47.458147796172,2022-09-03 13:00:10,0.0951471866378865
"1384",71.7144138711197,2022-09-03 15:00:10,0.0668704060025885
"1385",18.9981964676196,2022-09-03 17:00:14,0.0831059287288352
"1386",152.579391117222,2022-09-03 19:00:09,0.112541711995715
"1387",56.700239689556,2022-09-03 21:00:11,0.0805783162350526
"1388",117.333234353522,2022-09-04 03:00:26,0.0784928670154956
"1389",110.72211774968,2022-09-04 07:00:22,0.0731349405054419
"1390",177.578982036797,2022-09-04 09:00:09,0.0928154650593825
"1391",38.0115930718488,2022-09-04 11:00:14,0.068356975499406
"1392",30.6377269359907,2022-09-04 13:00:09,0.0675187875541592
"1393",81.6625948535492,2022-09-04 15:00:13,0.0993483550013446
"1394",8.66507710929355,2022-09-04 19:00:08,0.0792325218915443
"1395",8.39195956043908,2022-09-04 21:00:09,0.0992517907308731
"1396",5.15557932466736,2022-09-04 23:00:11,0.0978386222469676
"1397",37.5862282776514,2022-09-05 03:00:19,0.0703656518182437
"1398",41.5613334496249,2022-09-05 05:00:27,0.0634015133005038
"1399",29.7460610286624,2022-09-05 07:00:18,0.0644475811051954
"1400",17.8209933577575,2022-09-05 09:00:14,0.0691104204956759
"1401",36.3377022391184,2022-09-05 11:00:17,0.0738249166370236
"1402",60.2359063637256,2022-09-05 13:00:11,0.13005346528207
"1403",69.3354391002605,2022-09-05 15:00:08,0.149766273079667
"1404",137.64058557068,2022-09-05 17:00:11,0.101607496930544
"1405",50.9648057595743,2022-09-05 19:00:08,0.163057987045415
"1406",48.1859793764015,2022-09-05 21:00:14,0.104344656362477
"1407",54.5206271118957,2022-09-06 05:00:20,0.0720268235654566
"1408",15.1075233530383,2022-09-06 07:00:11,0.0871659783393941
"1409",12.7377512141647,2022-09-06 09:00:20,0.0808376914176965
"1410",32.9159681791174,2022-09-06 13:00:10,0.0862122879524145
"1411",159.192178886008,2022-09-06 15:00:12,0.104121010368665
"1412",48.3635925947461,2022-09-06 17:00:10,0.135630282427386
"1413",68.4673578193314,2022-09-06 19:00:11,0.0864942175806732
"1414",17.6653300204965,2022-09-06 21:00:10,0.0814632718899704
"1415",37.9746591281122,2022-09-06 23:00:39,0.0809574868785381
"1416",63.898845511796,2022-09-07 01:00:11,0.103999569589253
"1417",53.8981087797732,2022-09-07 03:00:12,0.0664360732706174
"1418",54.5787236186243,2022-09-07 05:00:17,0.0686005480001879
"1419",57.5788564783456,2022-09-07 09:00:15,0.068531570802179
"1420",49.6631576897632,2022-09-07 11:00:08,0.0630218902509279
"1421",52.0572394006712,2022-09-07 13:00:09,0.0632923194961271
"1422",2.33258762253122,2022-09-07 15:00:09,0.0717398829682537
"1423",19.9031365347895,2022-09-07 17:00:09,0.0997003337394974
"1424",72.6843255379398,2022-09-07 19:00:07,0.13001985704021
"1425",214.176899183504,2022-09-07 21:00:07,0.0946579843808499
"1426",28.4270347321132,2022-09-08 03:00:25,0.0703821424027772
"1427",12.6070663397906,2022-09-08 05:00:22,0.0656016760839145
"1428",45.1058447726613,2022-09-08 07:00:14,0.0800884599668765
"1429",57.3785034417096,2022-09-08 09:00:11,0.092915250405842
"1430",25.1321792007784,2022-09-08 11:00:09,0.0693461630066292
"1431",20.7198971437146,2022-09-08 13:00:09,0.0705207402329377
"1432",46.7019737813984,2022-09-08 19:00:14,0.0701981361191104
"1433",45.8980273707209,2022-09-08 21:00:17,0.0648920192956719
"1434",55.5472776975219,2022-09-08 23:00:09,0.0737469738175099
"1435",45.5781241953159,2022-09-09 05:00:21,0.101044097543446
"1436",102.738103957832,2022-09-09 07:00:12,0.0868856558648119
"1437",122.968825355977,2022-09-09 09:00:12,0.0897672365320499
"1438",96.2369964643276,2022-09-09 11:00:08,0.0662155475961156
"1439",49.7107558212786,2022-09-09 13:00:11,0.088279871807151
"1440",154.113345845863,2022-09-09 15:00:11,0.0771609717857752
"1441",21.547490057512,2022-09-09 17:00:08,0.0845548082141689
"1442",12.4413570760189,2022-09-09 19:00:11,0.0906700984726491
"1443",46.4420942758075,2022-09-09 21:00:08,0.0921937126906575
"1444",47.4964758037668,2022-09-10 01:00:14,0.0819875711184032
"1445",40.8610920213448,2022-09-10 07:00:09,0.083009290893004
"1446",57.5588143077544,2022-09-10 09:00:10,0.0797791125144028
"1447",62.088506807076,2022-09-10 13:00:12,0.0828532180339036
"1448",60.1222811997721,2022-09-10 15:00:11,0.064076849014379
"1449",147.981085297286,2022-09-10 17:00:10,0.127974218069278
"1450",58.6698219329559,2022-09-10 19:00:07,0.141684116254418
"1451",38.374639158987,2022-09-10 21:00:10,0.149273961891949
"1452",56.4875646381089,2022-09-11 01:00:26,0.0761243389921223
"1453",76.9751957563592,2022-09-11 05:00:09,0.0703882025170482
"1454",96.1306295610162,2022-09-11 07:00:09,0.0684801854757126
"1455",41.3671055142653,2022-09-11 09:00:10,0.102635363137295
"1456",191.60109881447,2022-09-11 11:00:08,0.127906527355371
"1457",29.442477462699,2022-09-11 13:00:10,0.0678113471901446
"1458",73.3754786170834,2022-09-11 15:00:09,0.134115836022782
"1459",96.8035896511949,2022-09-11 17:00:16,0.123802155439071
"1460",6.65760655861432,2022-09-11 19:00:08,0.123711839888641
"1461",48.5342901437177,2022-09-11 23:00:13,0.0795976117048554
"1462",46.638507068091,2022-09-12 03:00:18,0.0729194116458288
"1463",51.9619780612194,2022-09-12 05:00:26,0.0658540175200066
"1464",55.6724921202457,2022-09-12 07:00:10,0.0687236830151582
"1465",83.8981824484844,2022-09-12 09:00:09,0.0676142032407687
"1466",13.9361429099798,2022-09-12 11:00:08,0.089111504038514
"1467",34.4605882489559,2022-09-12 13:00:12,0.0849564996232032
"1468",117.432359956572,2022-09-12 15:00:11,0.0646684892197675
"1469",157.57313582692,2022-09-12 17:00:09,0.0898323818273041
"1470",86.0836349819705,2022-09-12 19:00:10,0.0695006590885008
"1471",21.722751347373,2022-09-12 21:00:12,0.0983976467616861
"1472",59.8446859093873,2022-09-12 23:00:09,0.0730238192442976
"1473",51.9273922863685,2022-09-13 05:00:15,0.121972735978733
"1474",21.2450241734736,2022-09-13 07:00:10,0.111460760530111
"1475",21.4982695136936,2022-09-13 09:00:12,0.107202480517747
"1476",30.0282546372362,2022-09-13 11:00:12,0.106336512563357
"1477",86.0219058575057,2022-09-13 13:00:11,0.131551649130181
"1478",24.5801365006767,2022-09-13 15:00:08,0.097717615605958
"1479",2.75828715024792,2022-09-13 17:00:08,0.0861863634780994
"1480",96.2845246090486,2022-09-13 19:00:08,0.0630004542063084
"1481",7.64857230605075,2022-09-13 21:00:08,0.129216003595096
"1482",15.6504257237563,2022-09-13 23:00:25,0.0995369955223059
"1483",20.0251915476538,2022-09-14 03:01:30,0.0694561161657624
"1484",23.2166772990131,2022-09-14 05:00:15,0.0735459695049126
"1485",2.89883357467289,2022-09-14 07:00:13,0.0772893352493506
"1486",59.0028195280656,2022-09-14 11:00:15,0.0845716427818208
"1487",83.2734945621481,2022-09-14 13:00:11,0.110968648889037
"1488",33.7725534498186,2022-09-14 15:00:11,0.0873236464262542
"1489",26.978687344079,2022-09-14 17:00:13,0.0688799383294258
"1490",46.2111284756015,2022-09-14 19:00:08,0.0780500818339963
"1491",41.6870868989129,2022-09-14 21:00:10,0.069842225728816
"1492",57.1655059247459,2022-09-14 23:00:21,0.0696001542730058
"1493",55.730494433125,2022-09-15 03:00:23,0.0829681268689836
"1494",42.8568752525599,2022-09-15 07:00:09,0.0720848413918231
"1495",41.6740558022257,2022-09-15 09:00:17,0.0687792076660088
"1496",38.4914299554673,2022-09-15 11:00:19,0.0717242707734314
"1497",62.1517997031967,2022-09-15 13:00:10,0.148315139735219
"1498",120.796266537505,2022-09-15 15:00:11,0.0868213557413484
"1499",83.009881905085,2022-09-15 17:00:08,0.183082296767896
"1500",40.4336913890436,2022-09-15 19:00:09,0.132398981131692
"1501",79.9739353018703,2022-09-16 07:00:18,0.0823397509051784
"1502",15.427374570132,2022-09-16 13:00:11,0.0953227723815342
"1503",80.1948672333674,2022-09-16 19:00:09,0.0871271746601266
"1504",128.585763115873,2022-09-17 07:00:11,0.0846806423892384
"1505",2.93539447657608,2022-09-17 13:00:10,0.0940238164526988
"1506",19.2118208138784,2022-09-17 19:00:15,0.0847431626373166
"1507",245.594153023692,2022-09-18 13:00:28,0.0851756779192555
"1508",30.2966748789722,2022-09-18 19:00:13,0.0901466583465623
"1509",62.7397667297326,2022-09-19 07:00:10,0.0849656628813322
"1510",139.839300077337,2022-09-19 13:00:11,0.0841875991874882
"1511",51.3156899397078,2022-09-19 19:00:09,0.0824454450804711
"1512",57.4728267549422,2022-09-20 01:00:17,0.0839552901356246
"1513",112.997639086249,2022-09-20 07:00:13,0.0809508514081649
"1514",109.68490248548,2022-09-20 13:00:21,0.0859374850971669
"1515",7.88977112153615,2022-09-20 19:00:10,0.089884530991886
"1516",55.8293888243416,2022-09-21 07:01:01,0.0839989350481409
"1517",23.8575673895865,2022-09-21 13:00:07,0.0880694360753302
"1518",75.0779209663196,2022-09-21 19:00:08,0.0858823845967072
"1519",11.4073456805039,2022-09-22 01:00:26,0.0836006532609076
"1520",20.2718677382695,2022-09-22 07:00:11,0.0873561922469066
"1521",58.9330099057602,2022-09-22 13:00:09,0.0808185394911119
"1522",40.9942338530161,2022-09-22 19:00:08,0.0914557421081562
"1523",58.5849386478488,2022-09-23 01:00:17,0.0845265553830576
"1524",18.1994343567842,2022-09-23 07:00:09,0.0833644692402338
"1525",205.141614253242,2022-09-23 13:00:10,0.084748824244468
"1526",16.8517646976083,2022-09-23 19:00:08,0.0950655070365765
"1527",78.6812206598441,2022-09-24 01:00:15,0.0815726879728585
"1528",31.8732345055426,2022-09-24 07:00:15,0.086700187650847
"1529",14.5391309635577,2022-09-24 13:00:10,0.0956972585843281
"1530",41.8451682552632,2022-09-24 19:00:07,0.0861771569386533
"1531",9.40216791587291,2022-09-25 01:00:26,0.0876836231315386
"1532",72.7828709318866,2022-09-25 07:00:11,0.0839594961533151
"1533",52.8768355423657,2022-09-25 13:00:10,0.08589404087853
"1534",101.110184236996,2022-09-25 19:00:08,0.0841225356611827
"1535",3.57303164211711,2022-09-26 07:00:15,0.0857437780293301
"1536",58.0035706695665,2022-09-26 13:00:08,0.0832753092675109
"1537",65.99689212903,2022-09-26 19:00:08,0.0842126101025273
"1538",52.3838344306601,2022-09-27 07:00:15,0.0838293957524558
"1539",35.6299545894319,2022-09-27 19:00:09,0.0829715954295707
"1540",49.6104759534066,2022-09-28 01:00:13,0.0824930034955606
"1541",31.580774164493,2022-09-28 07:00:11,0.0788156890439126
"1542",26.5662475365819,2022-09-28 11:00:44,0.0962342932350235
"1543",20.0630960645147,2022-09-28 13:00:10,0.0845750988296718
"1544",33.3605097991843,2022-09-28 19:00:14,0.0846109737529915
"1545",61.9246850483799,2022-09-29 01:00:14,0.0817894711295731
"1546",64.4524146675272,2022-09-29 07:00:26,0.0807606260881015
"1547",73.5109033355481,2022-09-29 13:00:11,0.0807589267165817
"1548",68.5927126785625,2022-09-29 19:00:12,0.0826418221313265
