"","individual.identifier","timestamp","location.lat","location.long"
"1","BC #3 Hal (11/19/20 - 9/16/21)",2020-11-20 05:00:11,32.240869,-111.055303
"2","BC #3 Hal (11/19/20 - 9/16/21)",2020-11-20 12:00:05,32.236517,-111.054044
"3","BC #3 Hal (11/19/20 - 9/16/21)",2020-11-20 18:00:07,32.230514,-111.046828
"4","BC #3 Hal (11/19/20 - 9/16/21)",2020-11-21 00:00:04,32.230376,-111.056809
"5","BC #3 Hal (11/19/20 - 9/16/21)",2020-11-21 06:00:14,32.237151,-111.057037
"6","BC #3 Hal (11/19/20 - 9/16/21)",2020-11-21 13:00:08,32.254824,-111.045307
"7","BC #3 Hal (11/19/20 - 9/16/21)",2020-11-21 19:00:08,32.252229,-111.036924
"8","BC #3 Hal (11/19/20 - 9/16/21)",2020-11-22 07:00:06,32.248569,-111.04461
"9","BC #3 Hal (11/19/20 - 9/16/21)",2020-11-22 14:00:06,32.252857,-111.037292
"10","BC #3 Hal (11/19/20 - 9/16/21)",2020-11-22 20:00:07,32.243002,-111.042765
"11","BC #3 Hal (11/19/20 - 9/16/21)",2020-11-23 02:00:05,32.237157,-111.04883
"12","BC #3 Hal (11/19/20 - 9/16/21)",2020-11-23 08:00:04,32.239716,-111.055045
"13","BC #3 Hal (11/19/20 - 9/16/21)",2020-11-23 15:00:05,32.229765,-111.043576
"14","BC #3 Hal (11/19/20 - 9/16/21)",2020-11-23 19:00:36,32.232251,-111.050153
"15","BC #3 Hal (11/19/20 - 9/16/21)",2020-11-23 21:00:12,32.232594,-111.057888
"16","BC #3 Hal (11/19/20 - 9/16/21)",2020-11-24 03:00:21,32.23162,-111.056898
"17","BC #3 Hal (11/19/20 - 9/16/21)",2020-11-24 09:00:08,32.238068,-111.056717
"18","BC #3 Hal (11/19/20 - 9/16/21)",2020-11-24 16:00:13,32.247725,-111.037857
"19","BC #3 Hal (11/19/20 - 9/16/21)",2020-11-24 22:00:12,32.237141,-111.047989
"20","BC #3 Hal (11/19/20 - 9/16/21)",2020-11-25 04:00:25,32.237133,-111.047989
"21","BC #3 Hal (11/19/20 - 9/16/21)",2020-11-25 10:00:08,32.231485,-111.053782
"22","BC #3 Hal (11/19/20 - 9/16/21)",2020-11-25 17:00:20,32.263185,-111.068235
"23","BC #3 Hal (11/19/20 - 9/16/21)",2020-11-25 23:00:09,32.266905,-111.086094
"24","BC #3 Hal (11/19/20 - 9/16/21)",2020-11-26 05:00:07,32.26575,-111.084543
"25","BC #3 Hal (11/19/20 - 9/16/21)",2020-11-26 11:00:07,32.266823,-111.082562
"26","BC #3 Hal (11/19/20 - 9/16/21)",2020-11-26 18:00:06,32.269939,-111.092779
"27","BC #3 Hal (11/19/20 - 9/16/21)",2020-11-27 00:00:07,32.271875,-111.104943
"28","BC #3 Hal (11/19/20 - 9/16/21)",2020-11-27 12:00:07,32.268613,-111.091033
"29","BC #3 Hal (11/19/20 - 9/16/21)",2020-11-27 19:00:12,32.280972,-111.080214
"30","BC #3 Hal (11/19/20 - 9/16/21)",2020-11-28 01:00:11,32.266312,-111.074694
"31","BC #3 Hal (11/19/20 - 9/16/21)",2020-11-28 07:00:06,32.264789,-111.074648
"32","BC #3 Hal (11/19/20 - 9/16/21)",2020-11-28 13:00:06,32.266643,-111.077942
"33","BC #3 Hal (11/19/20 - 9/16/21)",2020-11-28 20:00:06,32.264839,-111.082185
"34","BC #3 Hal (11/19/20 - 9/16/21)",2020-11-29 02:00:09,32.259846,-111.084424
"35","BC #3 Hal (11/19/20 - 9/16/21)",2020-11-29 08:00:07,32.26811,-111.081218
"36","BC #3 Hal (11/19/20 - 9/16/21)",2020-11-29 14:00:25,32.271952,-111.071905
"37","BC #3 Hal (11/19/20 - 9/16/21)",2020-11-29 21:00:10,32.249108,-111.045587
"38","BC #3 Hal (11/19/20 - 9/16/21)",2020-11-30 03:00:06,32.241341,-111.053033
"39","BC #3 Hal (11/19/20 - 9/16/21)",2020-11-30 09:00:05,32.232781,-111.05485
"40","BC #3 Hal (11/19/20 - 9/16/21)",2020-11-30 15:00:05,32.230902,-111.04316
"41","BC #3 Hal (11/19/20 - 9/16/21)",2020-11-30 22:00:12,32.22989,-111.057994
"42","BC #3 Hal (11/19/20 - 9/16/21)",2020-11-30 23:04:08,32.227347,-111.052964
"43","BC #3 Hal (11/19/20 - 9/16/21)",2020-12-01 10:00:07,32.230069,-111.042561
"44","BC #3 Hal (11/19/20 - 9/16/21)",2020-12-01 16:00:08,32.247676,-111.03965
"45","BC #3 Hal (11/19/20 - 9/16/21)",2020-12-01 23:00:07,32.253621,-111.040843
"46","BC #3 Hal (11/19/20 - 9/16/21)",2020-12-02 05:00:08,32.252554,-111.045129
"47","BC #3 Hal (11/19/20 - 9/16/21)",2020-12-03 00:00:06,32.248824,-111.044128
"48","BC #3 Hal (11/19/20 - 9/16/21)",2020-12-03 12:00:07,32.255034,-111.048842
"49","BC #3 Hal (11/19/20 - 9/16/21)",2020-12-03 18:00:12,32.261143,-111.039066
"50","BC #3 Hal (11/19/20 - 9/16/21)",2020-12-04 07:00:11,32.248038,-111.056162
"51","BC #3 Hal (11/19/20 - 9/16/21)",2020-12-04 13:00:07,32.253922,-111.03576
"52","BC #3 Hal (11/19/20 - 9/16/21)",2020-12-04 19:00:07,32.25536,-111.046061
"53","BC #3 Hal (11/19/20 - 9/16/21)",2020-12-05 02:00:07,32.255466,-111.04853
"54","BC #3 Hal (11/19/20 - 9/16/21)",2020-12-05 08:00:06,32.256264,-111.046085
"55","BC #3 Hal (11/19/20 - 9/16/21)",2020-12-05 14:00:11,32.255378,-111.046205
"56","BC #3 Hal (11/19/20 - 9/16/21)",2020-12-05 20:00:09,32.252953,-111.057419
"57","BC #3 Hal (11/19/20 - 9/16/21)",2020-12-06 03:00:12,32.253449,-111.065259
"58","BC #3 Hal (11/19/20 - 9/16/21)",2020-12-06 09:00:07,32.263375,-111.068807
"59","BC #3 Hal (11/19/20 - 9/16/21)",2020-12-06 15:00:12,32.269158,-111.076241
"60","BC #3 Hal (11/19/20 - 9/16/21)",2020-12-06 21:00:05,32.258629,-111.078365
"61","BC #3 Hal (11/19/20 - 9/16/21)",2020-12-07 04:00:09,32.261956,-111.074371
"62","BC #3 Hal (11/19/20 - 9/16/21)",2020-12-07 10:00:05,32.267302,-111.062285
"63","BC #3 Hal (11/19/20 - 9/16/21)",2020-12-07 16:00:23,32.256358,-111.065429
"64","BC #3 Hal (11/19/20 - 9/16/21)",2020-12-07 22:00:05,32.26434,-111.065364
"65","BC #3 Hal (11/19/20 - 9/16/21)",2020-12-08 03:00:42,32.266057,-111.066976
"66","BC #3 Hal (11/19/20 - 9/16/21)",2020-12-08 05:00:08,32.267921,-111.073907
"67","BC #3 Hal (11/19/20 - 9/16/21)",2020-12-08 11:00:08,32.272914,-111.072332
"68","BC #3 Hal (11/19/20 - 9/16/21)",2020-12-08 17:00:08,32.284183,-111.074933
"69","BC #3 Hal (11/19/20 - 9/16/21)",2020-12-08 23:00:08,32.284053,-111.094485
"70","BC #3 Hal (11/19/20 - 9/16/21)",2020-12-09 06:00:09,32.283168,-111.095294
"71","BC #3 Hal (11/19/20 - 9/16/21)",2020-12-09 12:00:07,32.279292,-111.082337
"72","BC #3 Hal (11/19/20 - 9/16/21)",2020-12-09 18:00:08,32.275653,-111.071604
"73","BC #3 Hal (11/19/20 - 9/16/21)",2020-12-10 00:00:11,32.260028,-111.081013
"74","BC #3 Hal (11/19/20 - 9/16/21)",2020-12-10 07:00:06,32.267373,-111.088353
"75","BC #3 Hal (11/19/20 - 9/16/21)",2020-12-10 19:00:11,32.268575,-111.06969
"76","BC #3 Hal (11/19/20 - 9/16/21)",2020-12-11 08:00:12,32.264482,-111.063359
"77","BC #3 Hal (11/19/20 - 9/16/21)",2020-12-11 20:00:06,32.269337,-111.06717
"78","BC #3 Hal (11/19/20 - 9/16/21)",2020-12-12 09:00:07,32.273476,-111.060735
"79","BC #3 Hal (11/19/20 - 9/16/21)",2020-12-12 21:00:07,32.260235,-111.061874
"80","BC #3 Hal (11/19/20 - 9/16/21)",2020-12-13 10:00:06,32.256183,-111.053477
"81","BC #3 Hal (11/19/20 - 9/16/21)",2020-12-13 22:00:04,32.237723,-111.048993
"82","BC #3 Hal (11/19/20 - 9/16/21)",2020-12-14 11:00:11,32.244385,-111.057598
"83","BC #3 Hal (11/19/20 - 9/16/21)",2020-12-14 23:00:08,32.240514,-111.057188
"84","BC #3 Hal (11/19/20 - 9/16/21)",2020-12-15 07:01:21,32.249116,-111.049746
"85","BC #3 Hal (11/19/20 - 9/16/21)",2020-12-15 12:00:12,32.259274,-111.041984
"86","BC #3 Hal (11/19/20 - 9/16/21)",2020-12-16 00:00:08,32.263956,-111.061524
"87","BC #3 Hal (11/19/20 - 9/16/21)",2020-12-16 13:00:14,32.267142,-111.072088
"88","BC #3 Hal (11/19/20 - 9/16/21)",2020-12-17 01:00:05,32.2633,-111.068056
"89","BC #3 Hal (11/19/20 - 9/16/21)",2020-12-17 14:00:12,32.264169,-111.062266
"90","BC #3 Hal (11/19/20 - 9/16/21)",2020-12-18 02:00:10,32.257401,-111.060242
"91","BC #3 Hal (11/19/20 - 9/16/21)",2020-12-18 15:00:14,32.261051,-111.061261
"92","BC #3 Hal (11/19/20 - 9/16/21)",2020-12-19 16:00:11,32.267786,-111.076583
"93","BC #3 Hal (11/19/20 - 9/16/21)",2020-12-20 17:00:08,32.261364,-111.062585
"94","BC #3 Hal (11/19/20 - 9/16/21)",2020-12-21 05:00:06,32.265097,-111.061915
"95","BC #3 Hal (11/19/20 - 9/16/21)",2020-12-21 18:00:05,32.266294,-111.082916
"96","BC #3 Hal (11/19/20 - 9/16/21)",2020-12-22 06:00:06,32.266386,-111.095236
"97","BC #3 Hal (11/19/20 - 9/16/21)",2020-12-22 11:01:11,32.266443,-111.083059
"98","BC #3 Hal (11/19/20 - 9/16/21)",2020-12-23 07:00:09,32.268638,-111.069839
"99","BC #3 Hal (11/19/20 - 9/16/21)",2020-12-23 20:00:08,32.256524,-111.06546
"100","BC #3 Hal (11/19/20 - 9/16/21)",2020-12-24 08:00:08,32.262742,-111.06726
"101","BC #3 Hal (11/19/20 - 9/16/21)",2020-12-24 21:00:09,32.257226,-111.061418
"102","BC #3 Hal (11/19/20 - 9/16/21)",2020-12-25 09:00:08,32.256592,-111.054892
"103","BC #3 Hal (11/19/20 - 9/16/21)",2020-12-25 22:00:08,32.265533,-111.078253
"104","BC #3 Hal (11/19/20 - 9/16/21)",2020-12-26 10:00:08,32.266732,-111.075475
"105","BC #3 Hal (11/19/20 - 9/16/21)",2020-12-26 23:00:09,32.255624,-111.06992
"106","BC #3 Hal (11/19/20 - 9/16/21)",2020-12-27 11:00:14,32.263936,-111.064592
"107","BC #3 Hal (11/19/20 - 9/16/21)",2020-12-28 00:00:08,32.259806,-111.056038
"108","BC #3 Hal (11/19/20 - 9/16/21)",2020-12-28 12:00:09,32.256686,-111.050277
"109","BC #3 Hal (11/19/20 - 9/16/21)",2020-12-29 13:00:08,32.269128,-111.071251
"110","BC #3 Hal (11/19/20 - 9/16/21)",2020-12-29 15:01:18,32.271894,-111.062481
"111","BC #3 Hal (11/19/20 - 9/16/21)",2020-12-30 02:00:09,32.265125,-111.070577
"112","BC #3 Hal (11/19/20 - 9/16/21)",2020-12-30 14:00:06,32.266924,-111.072661
"113","BC #3 Hal (11/19/20 - 9/16/21)",2020-12-31 03:00:10,32.256847,-111.088674
"114","BC #3 Hal (11/19/20 - 9/16/21)",2020-12-31 15:00:11,32.265185,-111.06376
"115","BC #3 Hal (11/19/20 - 9/16/21)",2021-01-01 04:00:09,32.269706,-111.059627
"116","BC #3 Hal (11/19/20 - 9/16/21)",2021-01-01 16:00:09,32.264169,-111.061503
"117","BC #3 Hal (11/19/20 - 9/16/21)",2021-01-02 05:00:14,32.266593,-111.065836
"118","BC #3 Hal (11/19/20 - 9/16/21)",2021-01-02 17:00:11,32.261304,-111.059556
"119","BC #3 Hal (11/19/20 - 9/16/21)",2021-01-03 06:00:06,32.258071,-111.074657
"120","BC #3 Hal (11/19/20 - 9/16/21)",2021-01-03 18:00:05,32.269413,-111.071803
"121","BC #3 Hal (11/19/20 - 9/16/21)",2021-01-04 07:00:05,32.263944,-111.073239
"122","BC #3 Hal (11/19/20 - 9/16/21)",2021-01-04 19:00:08,32.261633,-111.054595
"123","BC #3 Hal (11/19/20 - 9/16/21)",2021-01-05 08:00:04,32.264051,-111.063752
"124","BC #3 Hal (11/19/20 - 9/16/21)",2021-01-05 19:00:41,32.268117,-111.065163
"125","BC #3 Hal (11/19/20 - 9/16/21)",2021-01-05 20:00:02,32.268899,-111.07212
"126","BC #3 Hal (11/19/20 - 9/16/21)",2021-01-06 09:00:05,32.268014,-111.072145
"127","BC #3 Hal (11/19/20 - 9/16/21)",2021-01-06 21:00:09,32.252476,-111.064381
"128","BC #3 Hal (11/19/20 - 9/16/21)",2021-01-07 10:00:08,32.265136,-111.063079
"129","BC #3 Hal (11/19/20 - 9/16/21)",2021-01-07 22:00:13,32.257573,-111.039096
"130","BC #3 Hal (11/19/20 - 9/16/21)",2021-01-08 11:00:06,32.267955,-111.037998
"131","BC #3 Hal (11/19/20 - 9/16/21)",2021-01-08 23:00:07,32.284624,-111.056144
"132","BC #3 Hal (11/19/20 - 9/16/21)",2021-01-10 00:00:10,32.292856,-111.054834
"133","BC #3 Hal (11/19/20 - 9/16/21)",2021-01-10 13:00:10,32.284155,-111.055276
"134","BC #3 Hal (11/19/20 - 9/16/21)",2021-01-11 01:00:09,32.280246,-111.046413
"135","BC #3 Hal (11/19/20 - 9/16/21)",2021-01-11 14:00:24,32.2823,-111.055278
"136","BC #3 Hal (11/19/20 - 9/16/21)",2021-01-12 15:00:05,32.281764,-111.04274
"137","BC #3 Hal (11/19/20 - 9/16/21)",2021-01-12 23:02:49,32.28318,-111.046066
"138","BC #3 Hal (11/19/20 - 9/16/21)",2021-01-13 03:00:12,32.283161,-111.046086
"139","BC #3 Hal (11/19/20 - 9/16/21)",2021-01-13 16:00:08,32.281838,-111.06392
"140","BC #3 Hal (11/19/20 - 9/16/21)",2021-01-14 04:00:09,32.281565,-111.046156
"141","BC #3 Hal (11/19/20 - 9/16/21)",2021-01-14 17:00:14,32.289938,-111.054184
"142","BC #3 Hal (11/19/20 - 9/16/21)",2021-01-15 05:00:09,32.282009,-111.045389
"143","BC #3 Hal (11/19/20 - 9/16/21)",2021-01-15 18:00:06,32.293126,-111.064165
"144","BC #3 Hal (11/19/20 - 9/16/21)",2021-01-16 06:00:06,32.282933,-111.054322
"145","BC #3 Hal (11/19/20 - 9/16/21)",2021-01-16 19:00:05,32.274605,-111.052023
"146","BC #3 Hal (11/19/20 - 9/16/21)",2021-01-17 07:00:07,32.264401,-111.073772
"147","BC #3 Hal (11/19/20 - 9/16/21)",2021-01-17 20:00:09,32.258329,-111.087408
"148","BC #3 Hal (11/19/20 - 9/16/21)",2021-01-18 08:00:06,32.263693,-111.077309
"149","BC #3 Hal (11/19/20 - 9/16/21)",2021-01-18 21:00:07,32.274158,-111.048776
"150","BC #3 Hal (11/19/20 - 9/16/21)",2021-01-19 09:00:06,32.283489,-111.054075
"151","BC #3 Hal (11/19/20 - 9/16/21)",2021-01-19 22:00:07,32.285661,-111.045921
"152","BC #3 Hal (11/19/20 - 9/16/21)",2021-01-20 03:00:37,32.285691,-111.045873
"153","BC #3 Hal (11/19/20 - 9/16/21)",2021-01-20 10:00:09,32.284338,-111.054567
"154","BC #3 Hal (11/19/20 - 9/16/21)",2021-01-20 23:00:10,32.280322,-111.046544
"155","BC #3 Hal (11/19/20 - 9/16/21)",2021-01-21 11:00:09,32.275592,-111.057866
"156","BC #3 Hal (11/19/20 - 9/16/21)",2021-01-22 00:00:07,32.285684,-111.045866
"157","BC #3 Hal (11/19/20 - 9/16/21)",2021-01-22 12:00:10,32.281389,-111.048055
"158","BC #3 Hal (11/19/20 - 9/16/21)",2021-01-23 01:00:12,32.257724,-111.031111
"159","BC #3 Hal (11/19/20 - 9/16/21)",2021-01-23 13:00:20,32.273539,-111.045683
"160","BC #3 Hal (11/19/20 - 9/16/21)",2021-01-24 02:00:09,32.283244,-111.046077
"161","BC #3 Hal (11/19/20 - 9/16/21)",2021-01-24 14:00:04,32.281514,-111.053734
"162","BC #3 Hal (11/19/20 - 9/16/21)",2021-01-25 03:00:16,32.26489,-111.07507
"163","BC #3 Hal (11/19/20 - 9/16/21)",2021-01-25 15:00:05,32.266851,-111.082527
"164","BC #3 Hal (11/19/20 - 9/16/21)",2021-01-26 04:00:08,32.264078,-111.073951
"165","BC #3 Hal (11/19/20 - 9/16/21)",2021-01-26 16:00:06,32.262564,-111.066251
"166","BC #3 Hal (11/19/20 - 9/16/21)",2021-01-27 07:00:57,32.260156,-111.079744
"167","BC #3 Hal (11/19/20 - 9/16/21)",2021-01-27 17:00:08,32.257002,-111.075145
"168","BC #3 Hal (11/19/20 - 9/16/21)",2021-01-28 06:00:10,32.268203,-111.069668
"169","BC #3 Hal (11/19/20 - 9/16/21)",2021-01-28 18:00:10,32.269854,-111.07799
"170","BC #3 Hal (11/19/20 - 9/16/21)",2021-01-29 07:00:08,32.265758,-111.073831
"171","BC #3 Hal (11/19/20 - 9/16/21)",2021-01-29 13:00:11,32.2635,-111.061306
"172","BC #3 Hal (11/19/20 - 9/16/21)",2021-01-29 19:00:13,32.269064,-111.06356
"173","BC #3 Hal (11/19/20 - 9/16/21)",2021-01-30 08:00:06,32.268564,-111.071797
"174","BC #3 Hal (11/19/20 - 9/16/21)",2021-01-31 09:00:06,32.267575,-111.058814
"175","BC #3 Hal (11/19/20 - 9/16/21)",2021-01-31 21:00:06,32.285001,-111.053082
"176","BC #3 Hal (11/19/20 - 9/16/21)",2021-02-01 10:00:05,32.274947,-111.055984
"177","BC #3 Hal (11/19/20 - 9/16/21)",2021-02-01 22:00:07,32.282218,-111.049329
"178","BC #3 Hal (11/19/20 - 9/16/21)",2021-02-02 11:00:14,32.260658,-111.062449
"179","BC #3 Hal (11/19/20 - 9/16/21)",2021-02-02 23:00:06,32.282286,-111.087675
"180","BC #3 Hal (11/19/20 - 9/16/21)",2021-02-03 11:01:07,32.26477,-111.068146
"181","BC #3 Hal (11/19/20 - 9/16/21)",2021-02-03 12:00:04,32.263276,-111.062668
"182","BC #3 Hal (11/19/20 - 9/16/21)",2021-02-04 13:00:13,32.288112,-111.050029
"183","BC #3 Hal (11/19/20 - 9/16/21)",2021-02-05 01:00:12,32.281905,-111.048784
"184","BC #3 Hal (11/19/20 - 9/16/21)",2021-02-05 14:00:14,32.288138,-111.083317
"185","BC #3 Hal (11/19/20 - 9/16/21)",2021-02-06 02:00:13,32.268317,-111.069848
"186","BC #3 Hal (11/19/20 - 9/16/21)",2021-02-06 15:00:06,32.275755,-111.05559
"187","BC #3 Hal (11/19/20 - 9/16/21)",2021-02-07 03:00:17,32.281555,-111.04992
"188","BC #3 Hal (11/19/20 - 9/16/21)",2021-02-07 16:00:07,32.27967,-111.059199
"189","BC #3 Hal (11/19/20 - 9/16/21)",2021-02-08 04:00:08,32.266391,-111.065983
"190","BC #3 Hal (11/19/20 - 9/16/21)",2021-02-08 17:00:06,32.26272,-111.069491
"191","BC #3 Hal (11/19/20 - 9/16/21)",2021-02-09 05:00:09,32.258904,-111.069881
"192","BC #3 Hal (11/19/20 - 9/16/21)",2021-02-09 18:00:15,32.273292,-111.058374
"193","BC #3 Hal (11/19/20 - 9/16/21)",2021-02-10 06:00:06,32.269548,-111.058356
"194","BC #3 Hal (11/19/20 - 9/16/21)",2021-02-10 15:00:38,32.263804,-111.05717
"195","BC #3 Hal (11/19/20 - 9/16/21)",2021-02-10 19:00:07,32.268828,-111.060448
"196","BC #3 Hal (11/19/20 - 9/16/21)",2021-02-11 07:00:08,32.271372,-111.059346
"197","BC #3 Hal (11/19/20 - 9/16/21)",2021-02-11 20:00:09,32.272701,-111.05782
"198","BC #3 Hal (11/19/20 - 9/16/21)",2021-02-12 08:00:07,32.268467,-111.059243
"199","BC #3 Hal (11/19/20 - 9/16/21)",2021-02-12 21:00:08,32.272085,-111.054127
"200","BC #3 Hal (11/19/20 - 9/16/21)",2021-02-13 09:00:06,32.268356,-111.055547
"201","BC #3 Hal (11/19/20 - 9/16/21)",2021-02-13 22:00:09,32.266637,-111.066899
"202","BC #3 Hal (11/19/20 - 9/16/21)",2021-02-14 10:00:09,32.247966,-111.045731
"203","BC #3 Hal (11/19/20 - 9/16/21)",2021-02-14 23:00:13,32.276975,-111.054476
"204","BC #3 Hal (11/19/20 - 9/16/21)",2021-02-15 11:00:11,32.282758,-111.046829
"205","BC #3 Hal (11/19/20 - 9/16/21)",2021-02-16 00:00:11,32.268937,-111.06011
"206","BC #3 Hal (11/19/20 - 9/16/21)",2021-02-16 12:00:08,32.27399,-111.056267
"207","BC #3 Hal (11/19/20 - 9/16/21)",2021-02-17 01:00:06,32.269119,-111.055985
"208","BC #3 Hal (11/19/20 - 9/16/21)",2021-02-17 13:00:03,32.269306,-111.055553
"209","BC #3 Hal (11/19/20 - 9/16/21)",2021-02-17 19:00:38,32.26949,-111.055121
"210","BC #3 Hal (11/19/20 - 9/16/21)",2021-02-18 02:00:08,32.26951,-111.055232
"211","BC #3 Hal (11/19/20 - 9/16/21)",2021-02-18 14:00:08,32.276797,-111.059134
"212","BC #3 Hal (11/19/20 - 9/16/21)",2021-02-19 15:00:10,32.24936,-111.045173
"213","BC #3 Hal (11/19/20 - 9/16/21)",2021-02-20 04:00:07,32.238268,-111.055682
"214","BC #3 Hal (11/19/20 - 9/16/21)",2021-02-20 16:00:06,32.249661,-111.049699
"215","BC #3 Hal (11/19/20 - 9/16/21)",2021-02-21 05:00:06,32.243662,-111.048608
"216","BC #3 Hal (11/19/20 - 9/16/21)",2021-02-21 17:00:06,32.252097,-111.034879
"217","BC #3 Hal (11/19/20 - 9/16/21)",2021-02-22 06:00:08,32.247637,-111.043941
"218","BC #3 Hal (11/19/20 - 9/16/21)",2021-02-22 18:00:09,32.251489,-111.048053
"219","BC #3 Hal (11/19/20 - 9/16/21)",2021-02-23 07:00:06,32.241229,-111.044182
"220","BC #3 Hal (11/19/20 - 9/16/21)",2021-02-23 19:00:06,32.242121,-111.048085
"221","BC #3 Hal (11/19/20 - 9/16/21)",2021-02-24 08:00:05,32.249155,-111.043599
"222","BC #3 Hal (11/19/20 - 9/16/21)",2021-02-24 20:00:05,32.264135,-111.0665
"223","BC #3 Hal (11/19/20 - 9/16/21)",2021-02-24 23:01:02,32.259824,-111.08263
"224","BC #3 Hal (11/19/20 - 9/16/21)",2021-02-25 09:00:11,32.264443,-111.095621
"225","BC #3 Hal (11/19/20 - 9/16/21)",2021-02-25 21:00:07,32.27849,-111.114651
"226","BC #3 Hal (11/19/20 - 9/16/21)",2021-02-26 10:00:07,32.289357,-111.108535
"227","BC #3 Hal (11/19/20 - 9/16/21)",2021-02-26 22:00:07,32.258449,-111.069524
"228","BC #3 Hal (11/19/20 - 9/16/21)",2021-02-27 11:00:12,32.264063,-111.068989
"229","BC #3 Hal (11/19/20 - 9/16/21)",2021-02-28 12:00:06,32.26597,-111.082346
"230","BC #3 Hal (11/19/20 - 9/16/21)",2021-03-01 13:00:07,32.265274,-111.062079
"231","BC #3 Hal (11/19/20 - 9/16/21)",2021-03-02 01:00:10,32.264564,-111.073047
"232","BC #3 Hal (11/19/20 - 9/16/21)",2021-03-02 14:00:05,32.288737,-111.05192
"233","BC #3 Hal (11/19/20 - 9/16/21)",2021-03-03 02:00:07,32.275721,-111.055192
"234","BC #3 Hal (11/19/20 - 9/16/21)",2021-03-03 15:00:06,32.266396,-111.065017
"235","BC #3 Hal (11/19/20 - 9/16/21)",2021-03-04 03:00:50,32.260403,-111.083316
"236","BC #3 Hal (11/19/20 - 9/16/21)",2021-03-04 16:00:07,32.271677,-111.05981
"237","BC #3 Hal (11/19/20 - 9/16/21)",2021-03-05 04:00:10,32.260709,-111.082422
"238","BC #3 Hal (11/19/20 - 9/16/21)",2021-03-05 17:00:06,32.279173,-111.043287
"239","BC #3 Hal (11/19/20 - 9/16/21)",2021-03-06 05:00:11,32.271979,-111.055705
"240","BC #3 Hal (11/19/20 - 9/16/21)",2021-03-06 18:00:06,32.261911,-111.041618
"241","BC #3 Hal (11/19/20 - 9/16/21)",2021-03-07 06:00:18,32.269688,-111.057825
"242","BC #3 Hal (11/19/20 - 9/16/21)",2021-03-07 19:00:07,32.276986,-111.057458
"243","BC #3 Hal (11/19/20 - 9/16/21)",2021-03-08 07:00:07,32.264236,-111.070914
"244","BC #3 Hal (11/19/20 - 9/16/21)",2021-03-08 20:00:07,32.27026,-111.113997
"245","BC #3 Hal (11/19/20 - 9/16/21)",2021-03-09 08:00:10,32.268394,-111.10843
"246","BC #3 Hal (11/19/20 - 9/16/21)",2021-03-09 21:00:04,32.264604,-111.071796
"247","BC #3 Hal (11/19/20 - 9/16/21)",2021-03-10 09:00:09,32.261818,-111.066979
"248","BC #3 Hal (11/19/20 - 9/16/21)",2021-03-10 22:00:05,32.269009,-111.060152
"249","BC #3 Hal (11/19/20 - 9/16/21)",2021-03-11 07:00:38,32.268289,-111.056709
"250","BC #3 Hal (11/19/20 - 9/16/21)",2021-03-11 10:00:10,32.270824,-111.059924
"251","BC #3 Hal (11/19/20 - 9/16/21)",2021-03-12 11:00:08,32.263459,-111.077946
"252","BC #3 Hal (11/19/20 - 9/16/21)",2021-03-13 00:00:13,32.261112,-111.075594
"253","BC #3 Hal (11/19/20 - 9/16/21)",2021-03-13 12:00:07,32.261241,-111.073672
"254","BC #3 Hal (11/19/20 - 9/16/21)",2021-03-14 01:00:24,32.267256,-111.068006
"255","BC #3 Hal (11/19/20 - 9/16/21)",2021-03-14 13:00:06,32.264379,-111.075727
"256","BC #3 Hal (11/19/20 - 9/16/21)",2021-03-15 02:00:20,32.26202,-111.074055
"257","BC #3 Hal (11/19/20 - 9/16/21)",2021-03-15 14:00:09,32.258597,-111.075172
"258","BC #3 Hal (11/19/20 - 9/16/21)",2021-03-16 03:00:07,32.262298,-111.073169
"259","BC #3 Hal (11/19/20 - 9/16/21)",2021-03-16 15:00:12,32.254383,-111.042095
"260","BC #3 Hal (11/19/20 - 9/16/21)",2021-03-17 04:00:06,32.253794,-111.04658
"261","BC #3 Hal (11/19/20 - 9/16/21)",2021-03-17 16:00:05,32.246245,-111.050924
"262","BC #3 Hal (11/19/20 - 9/16/21)",2021-03-18 05:00:06,32.263851,-111.071083
"263","BC #3 Hal (11/19/20 - 9/16/21)",2021-03-18 11:00:44,32.265124,-111.076407
"264","BC #3 Hal (11/19/20 - 9/16/21)",2021-03-18 17:00:06,32.260474,-111.070149
"265","BC #3 Hal (11/19/20 - 9/16/21)",2021-03-19 06:00:08,32.262607,-111.065767
"266","BC #3 Hal (11/19/20 - 9/16/21)",2021-03-20 07:00:14,32.259055,-111.069871
"267","BC #3 Hal (11/19/20 - 9/16/21)",2021-03-20 19:00:08,32.261994,-111.075438
"268","BC #3 Hal (11/19/20 - 9/16/21)",2021-03-21 08:00:11,32.262756,-111.077498
"269","BC #3 Hal (11/19/20 - 9/16/21)",2021-03-21 20:00:06,32.260143,-111.074488
"270","BC #3 Hal (11/19/20 - 9/16/21)",2021-03-22 09:00:10,32.265977,-111.080308
"271","BC #3 Hal (11/19/20 - 9/16/21)",2021-03-22 21:00:25,32.261282,-111.076347
"272","BC #3 Hal (11/19/20 - 9/16/21)",2021-03-23 10:00:10,32.267159,-111.064585
"273","BC #3 Hal (11/19/20 - 9/16/21)",2021-03-23 22:00:05,32.260605,-111.076071
"274","BC #3 Hal (11/19/20 - 9/16/21)",2021-03-24 11:00:06,32.269489,-111.062424
"275","BC #3 Hal (11/19/20 - 9/16/21)",2021-03-24 23:00:04,32.265903,-111.068497
"276","BC #3 Hal (11/19/20 - 9/16/21)",2021-03-25 12:00:06,32.278779,-111.059137
"277","BC #3 Hal (11/19/20 - 9/16/21)",2021-03-25 15:00:50,32.278481,-111.059123
"278","BC #3 Hal (11/19/20 - 9/16/21)",2021-03-26 00:00:09,32.268351,-111.056893
"279","BC #3 Hal (11/19/20 - 9/16/21)",2021-03-26 13:00:06,32.290618,-111.054394
"280","BC #3 Hal (11/19/20 - 9/16/21)",2021-03-27 01:00:07,32.264528,-111.070869
"281","BC #3 Hal (11/19/20 - 9/16/21)",2021-03-27 14:00:07,32.268244,-111.097321
"282","BC #3 Hal (11/19/20 - 9/16/21)",2021-03-28 02:00:09,32.262082,-111.071647
"283","BC #3 Hal (11/19/20 - 9/16/21)",2021-03-28 15:00:09,32.265447,-111.067158
"284","BC #3 Hal (11/19/20 - 9/16/21)",2021-03-29 16:00:04,32.265498,-111.073661
"285","BC #3 Hal (11/19/20 - 9/16/21)",2021-03-30 04:00:07,32.267263,-111.07067
"286","BC #3 Hal (11/19/20 - 9/16/21)",2021-03-30 17:00:06,32.262366,-111.070748
"287","BC #3 Hal (11/19/20 - 9/16/21)",2021-03-31 18:00:04,32.263199,-111.082713
"288","BC #3 Hal (11/19/20 - 9/16/21)",2021-04-01 19:01:03,32.26581,-111.08293
"289","BC #3 Hal (11/19/20 - 9/16/21)",2021-04-02 07:00:10,32.267277,-111.067569
"290","BC #3 Hal (11/19/20 - 9/16/21)",2021-04-02 20:00:17,32.261339,-111.080888
"291","BC #3 Hal (11/19/20 - 9/16/21)",2021-04-03 08:00:10,32.262503,-111.064377
"292","BC #3 Hal (11/19/20 - 9/16/21)",2021-04-03 21:00:07,32.265414,-111.081302
"293","BC #3 Hal (11/19/20 - 9/16/21)",2021-04-04 09:00:22,32.264583,-111.071115
"294","BC #3 Hal (11/19/20 - 9/16/21)",2021-04-04 22:00:06,32.262458,-111.07098
"295","BC #3 Hal (11/19/20 - 9/16/21)",2021-04-05 10:00:05,32.266403,-111.075622
"296","BC #3 Hal (11/19/20 - 9/16/21)",2021-04-05 23:00:13,32.265154,-111.071085
"297","BC #3 Hal (11/19/20 - 9/16/21)",2021-04-06 11:00:05,32.26761,-111.077277
"298","BC #3 Hal (11/19/20 - 9/16/21)",2021-04-07 12:00:06,32.264883,-111.070961
"299","BC #3 Hal (11/19/20 - 9/16/21)",2021-04-08 13:00:07,32.267791,-111.073981
"300","BC #3 Hal (11/19/20 - 9/16/21)",2021-04-08 23:00:42,32.265607,-111.084175
"301","BC #3 Hal (11/19/20 - 9/16/21)",2021-04-09 14:00:07,32.268487,-111.082325
"302","BC #3 Hal (11/19/20 - 9/16/21)",2021-04-10 03:00:08,32.265022,-111.070633
"303","BC #3 Hal (11/19/20 - 9/16/21)",2021-04-10 15:00:10,32.263477,-111.074941
"304","BC #3 Hal (11/19/20 - 9/16/21)",2021-04-11 04:00:11,32.264944,-111.071254
"305","BC #3 Hal (11/19/20 - 9/16/21)",2021-04-11 16:00:10,32.268102,-111.074358
"306","BC #3 Hal (11/19/20 - 9/16/21)",2021-04-12 17:00:06,32.269432,-111.068136
"307","BC #3 Hal (11/19/20 - 9/16/21)",2021-04-13 18:00:07,32.265165,-111.068042
"308","BC #3 Hal (11/19/20 - 9/16/21)",2021-04-14 19:00:03,32.263619,-111.071442
"309","BC #3 Hal (11/19/20 - 9/16/21)",2021-04-15 08:00:13,32.267022,-111.074744
"310","BC #3 Hal (11/19/20 - 9/16/21)",2021-04-15 20:00:16,32.265307,-111.071798
"311","BC #3 Hal (11/19/20 - 9/16/21)",2021-04-16 09:00:07,32.267721,-111.073779
"312","BC #3 Hal (11/19/20 - 9/16/21)",2021-04-16 21:00:15,32.265154,-111.071392
"313","BC #3 Hal (11/19/20 - 9/16/21)",2021-04-17 10:00:23,32.267409,-111.076389
"314","BC #3 Hal (11/19/20 - 9/16/21)",2021-04-17 22:00:05,32.265441,-111.070981
"315","BC #3 Hal (11/19/20 - 9/16/21)",2021-04-18 11:00:05,32.267881,-111.077079
"316","BC #3 Hal (11/19/20 - 9/16/21)",2021-04-18 23:00:07,32.26556,-111.073279
"317","BC #3 Hal (11/19/20 - 9/16/21)",2021-04-20 13:00:04,32.269375,-111.086062
"318","BC #3 Hal (11/19/20 - 9/16/21)",2021-04-21 14:00:03,32.269768,-111.066075
"319","BC #3 Hal (11/19/20 - 9/16/21)",2021-04-22 15:00:07,32.265731,-111.080161
"320","BC #3 Hal (11/19/20 - 9/16/21)",2021-04-23 03:00:09,32.265193,-111.070968
"321","BC #3 Hal (11/19/20 - 9/16/21)",2021-04-23 07:00:37,32.266454,-111.070506
"322","BC #3 Hal (11/19/20 - 9/16/21)",2021-04-23 16:00:07,32.264815,-111.071684
"323","BC #3 Hal (11/19/20 - 9/16/21)",2021-04-24 04:00:20,32.26028,-111.082581
"324","BC #3 Hal (11/19/20 - 9/16/21)",2021-04-24 17:00:12,32.268807,-111.067457
"325","BC #3 Hal (11/19/20 - 9/16/21)",2021-04-25 18:00:09,32.269843,-111.072807
"326","BC #3 Hal (11/19/20 - 9/16/21)",2021-04-26 06:00:11,32.267969,-111.072442
"327","BC #3 Hal (11/19/20 - 9/16/21)",2021-04-26 19:00:25,32.263458,-111.072167
"328","BC #3 Hal (11/19/20 - 9/16/21)",2021-04-27 07:00:15,32.263549,-111.07984
"329","BC #3 Hal (11/19/20 - 9/16/21)",2021-04-27 20:00:08,32.268057,-111.078135
"330","BC #3 Hal (11/19/20 - 9/16/21)",2021-04-28 08:00:06,32.267573,-111.077319
"331","BC #3 Hal (11/19/20 - 9/16/21)",2021-04-28 21:00:07,32.264528,-111.07175
"332","BC #3 Hal (11/19/20 - 9/16/21)",2021-04-29 09:00:06,32.267877,-111.084226
"333","BC #3 Hal (11/19/20 - 9/16/21)",2021-04-29 22:00:23,32.260255,-111.084027
"334","BC #3 Hal (11/19/20 - 9/16/21)",2021-04-30 10:00:24,32.268102,-111.075195
"335","BC #3 Hal (11/19/20 - 9/16/21)",2021-04-30 11:01:01,32.267881,-111.071793
"336","BC #3 Hal (11/19/20 - 9/16/21)",2021-05-01 11:00:08,32.262882,-111.085752
"337","BC #3 Hal (11/19/20 - 9/16/21)",2021-05-02 12:00:13,32.264224,-111.078326
"338","BC #3 Hal (11/19/20 - 9/16/21)",2021-05-03 01:00:10,32.265186,-111.072872
"339","BC #3 Hal (11/19/20 - 9/16/21)",2021-05-03 13:00:09,32.265719,-111.067578
"340","BC #3 Hal (11/19/20 - 9/16/21)",2021-05-04 14:00:21,32.272236,-111.070444
"341","BC #3 Hal (11/19/20 - 9/16/21)",2021-05-05 03:00:12,32.265264,-111.072943
"342","BC #3 Hal (11/19/20 - 9/16/21)",2021-05-05 15:00:07,32.26919,-111.07491
"343","BC #3 Hal (11/19/20 - 9/16/21)",2021-05-06 04:00:07,32.264882,-111.072415
"344","BC #3 Hal (11/19/20 - 9/16/21)",2021-05-06 16:00:06,32.265368,-111.081958
"345","BC #3 Hal (11/19/20 - 9/16/21)",2021-05-07 15:01:32,32.262474,-111.076332
"346","BC #3 Hal (11/19/20 - 9/16/21)",2021-05-07 17:00:08,32.26041,-111.084256
"347","BC #3 Hal (11/19/20 - 9/16/21)",2021-05-08 06:00:25,32.268352,-111.068143
"348","BC #3 Hal (11/19/20 - 9/16/21)",2021-05-08 18:00:09,32.265071,-111.06826
"349","BC #3 Hal (11/19/20 - 9/16/21)",2021-05-09 07:00:09,32.260217,-111.071675
"350","BC #3 Hal (11/19/20 - 9/16/21)",2021-05-09 19:00:08,32.266411,-111.079697
"351","BC #3 Hal (11/19/20 - 9/16/21)",2021-05-10 08:00:25,32.265504,-111.08111
"352","BC #3 Hal (11/19/20 - 9/16/21)",2021-05-10 20:00:09,32.266123,-111.073005
"353","BC #3 Hal (11/19/20 - 9/16/21)",2021-05-11 09:00:08,32.26805,-111.075419
"354","BC #3 Hal (11/19/20 - 9/16/21)",2021-05-11 21:00:10,32.264708,-111.07724
"355","BC #3 Hal (11/19/20 - 9/16/21)",2021-05-12 10:00:06,32.265525,-111.086646
"356","BC #3 Hal (11/19/20 - 9/16/21)",2021-05-12 22:00:07,32.257929,-111.08381
"357","BC #3 Hal (11/19/20 - 9/16/21)",2021-05-13 11:00:16,32.257213,-111.067583
"358","BC #3 Hal (11/19/20 - 9/16/21)",2021-05-14 12:00:09,32.266905,-111.074845
"359","BC #3 Hal (11/19/20 - 9/16/21)",2021-05-14 19:01:05,32.255425,-111.081256
"360","BC #3 Hal (11/19/20 - 9/16/21)",2021-05-15 00:00:12,32.256915,-111.085142
"361","BC #3 Hal (11/19/20 - 9/16/21)",2021-05-15 13:00:10,32.268486,-111.072259
"362","BC #3 Hal (11/19/20 - 9/16/21)",2021-05-16 14:00:08,32.260973,-111.081261
"363","BC #3 Hal (11/19/20 - 9/16/21)",2021-05-17 02:00:22,32.265033,-111.071317
"364","BC #3 Hal (11/19/20 - 9/16/21)",2021-05-17 15:00:19,32.26815,-111.073954
"365","BC #3 Hal (11/19/20 - 9/16/21)",2021-05-18 16:00:06,32.261238,-111.066662
"366","BC #3 Hal (11/19/20 - 9/16/21)",2021-05-19 17:00:07,32.263319,-111.080175
"367","BC #3 Hal (11/19/20 - 9/16/21)",2021-05-20 05:00:14,32.26132,-111.076783
"368","BC #3 Hal (11/19/20 - 9/16/21)",2021-05-20 18:00:03,32.267424,-111.070003
"369","BC #3 Hal (11/19/20 - 9/16/21)",2021-05-21 06:00:24,32.26057,-111.084574
"370","BC #3 Hal (11/19/20 - 9/16/21)",2021-05-21 19:00:04,32.269274,-111.067807
"371","BC #3 Hal (11/19/20 - 9/16/21)",2021-05-21 23:00:37,32.265145,-111.071171
"372","BC #3 Hal (11/19/20 - 9/16/21)",2021-05-22 07:00:13,32.265095,-111.070187
"373","BC #3 Hal (11/19/20 - 9/16/21)",2021-05-22 20:00:08,32.259909,-111.085456
"374","BC #3 Hal (11/19/20 - 9/16/21)",2021-05-23 08:00:09,32.266874,-111.086183
"375","BC #3 Hal (11/19/20 - 9/16/21)",2021-05-23 21:00:10,32.262307,-111.07874
"376","BC #3 Hal (11/19/20 - 9/16/21)",2021-05-24 09:00:08,32.268983,-111.076898
"377","BC #3 Hal (11/19/20 - 9/16/21)",2021-05-24 22:00:08,32.257604,-111.06826
"378","BC #3 Hal (11/19/20 - 9/16/21)",2021-05-25 10:00:08,32.268116,-111.074385
"379","BC #3 Hal (11/19/20 - 9/16/21)",2021-05-25 23:00:17,32.257595,-111.075143
"380","BC #3 Hal (11/19/20 - 9/16/21)",2021-05-26 11:00:11,32.262267,-111.06558
"381","BC #3 Hal (11/19/20 - 9/16/21)",2021-05-27 00:00:13,32.267081,-111.069329
"382","BC #3 Hal (11/19/20 - 9/16/21)",2021-05-27 12:00:07,32.265918,-111.083174
"383","BC #3 Hal (11/19/20 - 9/16/21)",2021-05-28 13:00:19,32.262907,-111.078764
"384","BC #3 Hal (11/19/20 - 9/16/21)",2021-05-29 14:00:06,32.267178,-111.070854
"385","BC #3 Hal (11/19/20 - 9/16/21)",2021-05-30 15:00:06,32.266771,-111.073189
"386","BC #3 Hal (11/19/20 - 9/16/21)",2021-05-31 16:00:05,32.267799,-111.068973
"387","BC #3 Hal (11/19/20 - 9/16/21)",2021-06-01 05:00:24,32.268693,-111.067997
"388","BC #3 Hal (11/19/20 - 9/16/21)",2021-06-01 17:00:05,32.262107,-111.066469
"389","BC #3 Hal (11/19/20 - 9/16/21)",2021-06-02 18:00:05,32.263744,-111.074895
"390","BC #3 Hal (11/19/20 - 9/16/21)",2021-06-03 07:00:08,32.264939,-111.070195
"391","BC #3 Hal (11/19/20 - 9/16/21)",2021-06-03 19:00:11,32.26282,-111.076373
"392","BC #3 Hal (11/19/20 - 9/16/21)",2021-06-04 08:00:06,32.263462,-111.081131
"393","BC #3 Hal (11/19/20 - 9/16/21)",2021-06-04 20:00:05,32.263116,-111.086178
"394","BC #3 Hal (11/19/20 - 9/16/21)",2021-06-05 07:01:00,32.258461,-111.081868
"395","BC #3 Hal (11/19/20 - 9/16/21)",2021-06-05 09:00:15,32.259006,-111.080649
"396","BC #3 Hal (11/19/20 - 9/16/21)",2021-06-05 21:00:06,32.265158,-111.071453
"397","BC #3 Hal (11/19/20 - 9/16/21)",2021-06-06 10:00:24,32.261686,-111.060329
"398","BC #3 Hal (11/19/20 - 9/16/21)",2021-06-06 22:00:07,32.263247,-111.071005
"399","BC #3 Hal (11/19/20 - 9/16/21)",2021-06-07 11:00:17,32.269359,-111.054815
"400","BC #3 Hal (11/19/20 - 9/16/21)",2021-06-07 23:00:06,32.267231,-111.068434
"401","BC #3 Hal (11/19/20 - 9/16/21)",2021-06-08 12:00:09,32.25381,-111.051747
"402","BC #3 Hal (11/19/20 - 9/16/21)",2021-06-09 13:00:12,32.254971,-111.059804
"403","BC #3 Hal (11/19/20 - 9/16/21)",2021-06-10 14:00:07,32.268361,-111.07214
"404","BC #3 Hal (11/19/20 - 9/16/21)",2021-06-11 15:00:17,32.260618,-111.060173
"405","BC #3 Hal (11/19/20 - 9/16/21)",2021-06-12 11:01:19,32.255865,-111.085033
"406","BC #3 Hal (11/19/20 - 9/16/21)",2021-06-12 16:00:14,32.255359,-111.054329
"407","BC #3 Hal (11/19/20 - 9/16/21)",2021-06-13 17:00:12,32.254571,-111.052969
"408","BC #3 Hal (11/19/20 - 9/16/21)",2021-06-14 18:00:11,32.284968,-111.054283
"409","BC #3 Hal (11/19/20 - 9/16/21)",2021-06-15 19:00:07,32.266417,-111.064731
"410","BC #3 Hal (11/19/20 - 9/16/21)",2021-06-16 20:00:11,32.274524,-111.051986
"411","BC #3 Hal (11/19/20 - 9/16/21)",2021-06-17 21:00:07,32.256894,-111.065272
"412","BC #3 Hal (11/19/20 - 9/16/21)",2021-06-18 09:00:14,32.256036,-111.064687
"413","BC #3 Hal (11/19/20 - 9/16/21)",2021-06-18 22:00:11,32.263927,-111.066106
"414","BC #3 Hal (11/19/20 - 9/16/21)",2021-06-19 10:00:13,32.253969,-111.071338
"415","BC #3 Hal (11/19/20 - 9/16/21)",2021-06-19 15:02:07,32.263278,-111.074969
"416","BC #3 Hal (11/19/20 - 9/16/21)",2021-06-20 11:00:06,32.256102,-111.05378
"417","BC #3 Hal (11/19/20 - 9/16/21)",2021-06-21 12:00:07,32.256339,-111.085044
"418","BC #3 Hal (11/19/20 - 9/16/21)",2021-06-22 13:00:18,32.260771,-111.049719
"419","BC #3 Hal (11/19/20 - 9/16/21)",2021-06-23 14:00:09,32.28327,-111.04758
"420","BC #3 Hal (11/19/20 - 9/16/21)",2021-06-24 15:00:06,32.264674,-111.061906
"421","BC #3 Hal (11/19/20 - 9/16/21)",2021-06-25 16:00:05,32.277055,-111.047756
"422","BC #3 Hal (11/19/20 - 9/16/21)",2021-06-26 17:00:06,32.268003,-111.073308
"423","BC #3 Hal (11/19/20 - 9/16/21)",2021-06-26 19:01:25,32.259631,-111.063361
"424","BC #3 Hal (11/19/20 - 9/16/21)",2021-06-27 18:00:09,32.282976,-111.047622
"425","BC #3 Hal (11/19/20 - 9/16/21)",2021-06-28 19:00:08,32.255954,-111.056691
"426","BC #3 Hal (11/19/20 - 9/16/21)",2021-06-29 20:00:18,32.246261,-111.052482
"427","BC #3 Hal (11/19/20 - 9/16/21)",2021-06-30 09:00:08,32.245494,-111.052407
"428","BC #3 Hal (11/19/20 - 9/16/21)",2021-06-30 21:00:10,32.255355,-111.066269
"429","BC #3 Hal (11/19/20 - 9/16/21)",2021-07-01 10:00:07,32.262512,-111.060285
"430","BC #3 Hal (11/19/20 - 9/16/21)",2021-07-01 22:00:08,32.244163,-111.043483
"431","BC #3 Hal (11/19/20 - 9/16/21)",2021-07-02 11:00:11,32.241264,-111.044562
"432","BC #3 Hal (11/19/20 - 9/16/21)",2021-07-02 23:00:14,32.24642,-111.052582
"433","BC #3 Hal (11/19/20 - 9/16/21)",2021-07-03 12:00:05,32.262202,-111.083445
"434","BC #3 Hal (11/19/20 - 9/16/21)",2021-07-03 23:03:54,32.247625,-111.042579
"435","BC #3 Hal (11/19/20 - 9/16/21)",2021-07-04 00:00:14,32.247425,-111.0424
"436","BC #3 Hal (11/19/20 - 9/16/21)",2021-07-04 13:00:07,32.259607,-111.073758
"437","BC #3 Hal (11/19/20 - 9/16/21)",2021-07-05 14:00:08,32.248731,-111.031344
"438","BC #3 Hal (11/19/20 - 9/16/21)",2021-07-06 02:00:26,32.246874,-111.042028
"439","BC #3 Hal (11/19/20 - 9/16/21)",2021-07-06 15:00:08,32.270005,-111.063108
"440","BC #3 Hal (11/19/20 - 9/16/21)",2021-07-07 16:00:07,32.249539,-111.049668
"441","BC #3 Hal (11/19/20 - 9/16/21)",2021-07-08 17:00:07,32.259234,-111.080656
"442","BC #3 Hal (11/19/20 - 9/16/21)",2021-07-09 18:00:08,32.251142,-111.038963
"443","BC #3 Hal (11/19/20 - 9/16/21)",2021-07-10 06:00:16,32.245027,-111.0509
"444","BC #3 Hal (11/19/20 - 9/16/21)",2021-07-10 19:00:08,32.266212,-111.065091
"445","BC #3 Hal (11/19/20 - 9/16/21)",2021-07-11 20:00:07,32.243019,-111.0416
"446","BC #3 Hal (11/19/20 - 9/16/21)",2021-07-12 21:00:09,32.256497,-111.072439
"447","BC #3 Hal (11/19/20 - 9/16/21)",2021-07-13 22:00:09,32.255305,-111.066248
"448","BC #3 Hal (11/19/20 - 9/16/21)",2021-07-14 10:00:07,32.26725,-111.078938
"449","BC #3 Hal (11/19/20 - 9/16/21)",2021-07-14 23:00:15,32.243654,-111.051027
"450","BC #3 Hal (11/19/20 - 9/16/21)",2021-07-15 11:00:05,32.252421,-111.041546
"451","BC #3 Hal (11/19/20 - 9/16/21)",2021-07-16 12:00:08,32.247179,-111.04304
"452","BC #3 Hal (11/19/20 - 9/16/21)",2021-07-17 01:00:22,32.254282,-111.066417
"453","BC #3 Hal (11/19/20 - 9/16/21)",2021-07-17 13:00:08,32.257016,-111.075432
"454","BC #3 Hal (11/19/20 - 9/16/21)",2021-07-18 07:00:47,32.259309,-111.06306
"455","BC #3 Hal (11/19/20 - 9/16/21)",2021-07-19 03:00:09,32.258534,-111.06647
"456","BC #3 Hal (11/19/20 - 9/16/21)",2021-07-19 15:00:08,32.259599,-111.066357
"457","BC #3 Hal (11/19/20 - 9/16/21)",2021-07-20 04:00:20,32.258527,-111.074726
"458","BC #3 Hal (11/19/20 - 9/16/21)",2021-07-20 16:00:08,32.236176,-111.031811
"459","BC #3 Hal (11/19/20 - 9/16/21)",2021-07-21 05:00:18,32.254179,-111.066303
"460","BC #3 Hal (11/19/20 - 9/16/21)",2021-07-21 17:00:06,32.261877,-111.080152
"461","BC #3 Hal (11/19/20 - 9/16/21)",2021-07-22 18:00:07,32.248077,-111.06094
"462","BC #3 Hal (11/19/20 - 9/16/21)",2021-07-23 07:00:24,32.26675,-111.074945
"463","BC #3 Hal (11/19/20 - 9/16/21)",2021-07-23 19:00:06,32.262642,-111.064012
"464","BC #3 Hal (11/19/20 - 9/16/21)",2021-07-24 08:00:15,32.262914,-111.074754
"465","BC #3 Hal (11/19/20 - 9/16/21)",2021-07-24 20:00:07,32.256693,-111.062546
"466","BC #3 Hal (11/19/20 - 9/16/21)",2021-07-25 11:02:01,32.257281,-111.057191
"467","BC #3 Hal (11/19/20 - 9/16/21)",2021-07-26 10:00:11,32.266561,-111.058727
"468","BC #3 Hal (11/19/20 - 9/16/21)",2021-07-26 22:00:09,32.243842,-111.040812
"469","BC #3 Hal (11/19/20 - 9/16/21)",2021-07-27 11:00:08,32.243497,-111.039888
"470","BC #3 Hal (11/19/20 - 9/16/21)",2021-07-27 23:00:23,32.266637,-111.074789
"471","BC #3 Hal (11/19/20 - 9/16/21)",2021-07-28 12:00:26,32.248988,-111.048579
"472","BC #3 Hal (11/19/20 - 9/16/21)",2021-07-29 00:00:12,32.260445,-111.084594
"473","BC #3 Hal (11/19/20 - 9/16/21)",2021-07-29 13:00:09,32.25065,-111.039129
"474","BC #3 Hal (11/19/20 - 9/16/21)",2021-07-30 01:00:12,32.256449,-111.067575
"475","BC #3 Hal (11/19/20 - 9/16/21)",2021-07-30 14:00:11,32.247286,-111.042324
"476","BC #3 Hal (11/19/20 - 9/16/21)",2021-07-31 15:00:08,32.265983,-111.067681
"477","BC #3 Hal (11/19/20 - 9/16/21)",2021-08-01 15:01:24,32.237626,-111.035895
"478","BC #3 Hal (11/19/20 - 9/16/21)",2021-08-02 17:00:08,32.259433,-111.059106
"479","BC #3 Hal (11/19/20 - 9/16/21)",2021-08-03 18:00:13,32.241723,-111.045372
"480","BC #3 Hal (11/19/20 - 9/16/21)",2021-08-04 06:00:17,32.246613,-111.053033
"481","BC #3 Hal (11/19/20 - 9/16/21)",2021-08-04 19:00:07,32.255417,-111.061866
"482","BC #3 Hal (11/19/20 - 9/16/21)",2021-08-06 08:00:23,32.251145,-111.03693
"483","BC #3 Hal (11/19/20 - 9/16/21)",2021-08-06 21:00:06,32.257464,-111.075321
"484","BC #3 Hal (11/19/20 - 9/16/21)",2021-08-07 09:00:08,32.258475,-111.052225
"485","BC #3 Hal (11/19/20 - 9/16/21)",2021-08-07 22:00:12,32.24573,-111.038626
"486","BC #3 Hal (11/19/20 - 9/16/21)",2021-08-08 10:00:10,32.252381,-111.035154
"487","BC #3 Hal (11/19/20 - 9/16/21)",2021-08-08 19:00:38,32.26905,-111.065678
"488","BC #3 Hal (11/19/20 - 9/16/21)",2021-08-09 11:00:12,32.26334,-111.080716
"489","BC #3 Hal (11/19/20 - 9/16/21)",2021-08-10 00:00:24,32.238611,-111.034879
"490","BC #3 Hal (11/19/20 - 9/16/21)",2021-08-10 12:00:12,32.252976,-111.036286
"491","BC #3 Hal (11/19/20 - 9/16/21)",2021-08-11 01:00:24,32.253273,-111.065845
"492","BC #3 Hal (11/19/20 - 9/16/21)",2021-08-11 13:00:08,32.263028,-111.077832
"493","BC #3 Hal (11/19/20 - 9/16/21)",2021-08-12 02:00:15,32.249783,-111.037956
"494","BC #3 Hal (11/19/20 - 9/16/21)",2021-08-12 14:00:07,32.238845,-111.039153
"495","BC #3 Hal (11/19/20 - 9/16/21)",2021-08-13 03:00:12,32.249211,-111.058867
"496","BC #3 Hal (11/19/20 - 9/16/21)",2021-08-13 15:00:08,32.260433,-111.079725
"497","BC #3 Hal (11/19/20 - 9/16/21)",2021-08-14 04:00:25,32.268285,-111.068081
"498","BC #3 Hal (11/19/20 - 9/16/21)",2021-08-15 05:00:23,32.248869,-111.039836
"499","BC #3 Hal (11/19/20 - 9/16/21)",2021-08-15 17:00:12,32.261903,-111.068259
"500","BC #3 Hal (11/19/20 - 9/16/21)",2021-08-15 23:00:41,32.255393,-111.067513
"501","BC #3 Hal (11/19/20 - 9/16/21)",2021-08-16 06:00:10,32.263741,-111.053867
"502","BC #3 Hal (11/19/20 - 9/16/21)",2021-08-16 18:00:10,32.24702,-111.033181
"503","BC #3 Hal (11/19/20 - 9/16/21)",2021-08-17 07:00:13,32.24165,-111.045785
"504","BC #3 Hal (11/19/20 - 9/16/21)",2021-08-17 19:00:09,32.26395,-111.05971
"505","BC #3 Hal (11/19/20 - 9/16/21)",2021-08-18 08:00:11,32.257632,-111.082877
"506","BC #3 Hal (11/19/20 - 9/16/21)",2021-08-18 20:00:08,32.245757,-111.045048
"507","BC #3 Hal (11/19/20 - 9/16/21)",2021-08-19 09:00:09,32.252029,-111.056483
"508","BC #3 Hal (11/19/20 - 9/16/21)",2021-08-19 21:00:21,32.256577,-111.06364
"509","BC #3 Hal (11/19/20 - 9/16/21)",2021-08-20 10:00:11,32.255612,-111.049205
"510","BC #3 Hal (11/19/20 - 9/16/21)",2021-08-20 22:00:16,32.254138,-111.066365
"511","BC #3 Hal (11/19/20 - 9/16/21)",2021-08-21 11:00:16,32.267762,-111.06902
"512","BC #3 Hal (11/19/20 - 9/16/21)",2021-08-21 23:00:15,32.245778,-111.039588
"513","BC #3 Hal (11/19/20 - 9/16/21)",2021-08-22 12:00:11,32.240733,-111.048841
"514","BC #3 Hal (11/19/20 - 9/16/21)",2021-08-23 03:01:13,32.263836,-111.072662
"515","BC #3 Hal (11/19/20 - 9/16/21)",2021-08-23 13:00:26,32.26751,-111.065732
"516","BC #3 Hal (11/19/20 - 9/16/21)",2021-08-24 01:00:26,32.251307,-111.037201
"517","BC #3 Hal (11/19/20 - 9/16/21)",2021-08-24 14:00:12,32.239662,-111.044577
"518","BC #3 Hal (11/19/20 - 9/16/21)",2021-08-25 02:00:11,32.266024,-111.066167
"519","BC #3 Hal (11/19/20 - 9/16/21)",2021-08-25 15:00:08,32.263068,-111.081353
"520","BC #3 Hal (11/19/20 - 9/16/21)",2021-08-26 16:00:08,32.242069,-111.045674
"521","BC #3 Hal (11/19/20 - 9/16/21)",2021-08-27 17:00:04,32.263948,-111.064432
"522","BC #3 Hal (11/19/20 - 9/16/21)",2021-08-28 18:00:11,32.249178,-111.037355
"523","BC #3 Hal (11/19/20 - 9/16/21)",2021-08-29 19:00:07,32.255139,-111.068616
"524","BC #3 Hal (11/19/20 - 9/16/21)",2021-08-30 07:01:30,32.265778,-111.082072
"525","BC #3 Hal (11/19/20 - 9/16/21)",2021-08-30 20:00:10,32.239902,-111.038271
"526","BC #3 Hal (11/19/20 - 9/16/21)",2021-08-31 08:00:12,32.242005,-111.044311
"527","BC #3 Hal (11/19/20 - 9/16/21)",2021-08-31 21:00:26,32.261112,-111.079727
"528","BC #3 Hal (11/19/20 - 9/16/21)",2021-09-01 09:00:14,32.257464,-111.068688
"529","BC #3 Hal (11/19/20 - 9/16/21)",2021-09-01 22:00:14,32.251328,-111.034842
"530","BC #3 Hal (11/19/20 - 9/16/21)",2021-09-02 10:00:14,32.250935,-111.035342
"531","BC #3 Hal (11/19/20 - 9/16/21)",2021-09-02 23:00:23,32.267243,-111.067786
"532","BC #3 Hal (11/19/20 - 9/16/21)",2021-09-03 11:00:07,32.262089,-111.082256
"533","BC #3 Hal (11/19/20 - 9/16/21)",2021-09-05 13:00:10,32.250361,-111.051926
"534","BC #3 Hal (11/19/20 - 9/16/21)",2021-09-06 02:00:24,32.251972,-111.062156
"535","BC #3 Hal (11/19/20 - 9/16/21)",2021-09-06 11:00:37,32.262742,-111.06041
"536","BC #3 Hal (11/19/20 - 9/16/21)",2021-09-06 14:00:07,32.251169,-111.055049
"537","BC #3 Hal (11/19/20 - 9/16/21)",2021-09-07 15:00:12,32.252186,-111.034401
"538","BC #3 Hal (11/19/20 - 9/16/21)",2021-09-08 04:00:20,32.249675,-111.061385
"539","BC #3 Hal (11/19/20 - 9/16/21)",2021-09-08 16:00:07,32.247997,-111.051023
"540","BC #3 Hal (11/19/20 - 9/16/21)",2021-09-09 17:00:04,32.265562,-111.065078
"541","BC #3 Hal (11/19/20 - 9/16/21)",2021-09-10 06:00:15,32.256821,-111.068889
"542","BC #3 Hal (11/19/20 - 9/16/21)",2021-09-10 18:00:07,32.233207,-111.03753
"543","BC #3 Hal (11/19/20 - 9/16/21)",2021-09-12 08:00:07,32.252638,-111.061381
"544","BC #3 Hal (11/19/20 - 9/16/21)",2021-09-13 09:00:06,32.244771,-111.039309
"545","BC #3 Hal (11/19/20 - 9/16/21)",2021-09-13 15:01:01,32.250013,-111.054704
"546","BC #3 Hal (11/19/20 - 9/16/21)",2021-09-13 21:00:25,32.249901,-111.054729
"547","BC #3 Hal (11/19/20 - 9/16/21)",2021-09-14 10:00:25,32.250147,-111.054765
"548","BC #3 Hal (11/19/20 - 9/16/21)",2021-09-15 11:00:08,32.250014,-111.054709
