"","ID","Road_Crossings_Maj","Average_Distance_From_Crossing_Structure_Maj","Numb_Crossings_Near_Structure_Maj","Road_Crossings_Min","Average_Distance_From_Crossing_Structure_Min","Numb_Crossings_Near_Structure_Min"
"1","Cassidy",18,388.562171344864,0,43,734.038762479947,0
"2","Cassidy",8,324.431177019381,0,63,670.159621025616,0
"3","Cassidy",30,436.79554052483,0,38,687.051541305798,0
"4","Cassidy",32,301.653676515891,0,50,748.710280023068,0
"5","Cassidy",16,396.807196170297,0,57,772.778677935358,0
"6","Cassidy",24,257.473678083404,0,55,646.366084306064,0
"7","Cassidy",18,385.340520100408,0,46,785.76263042232,0
"8","Cassidy",16,465.471274485191,0,78,668.538276614893,0
"9","Cassidy",30,461.737846775303,0,47,684.778788495381,0
"10","Cassidy",34,640.206102276648,0,56,746.915998444655,0
"11","Cassidy",6,1081.38214553104,0,57,737.925780284558,0
"12","Cassidy",38,515.565943158639,0,57,654.032643065523,0
"13","Cassidy",26,439.885046657504,0,67,649.881847537958,0
"14","Cassidy",33,463.720967095165,0,61,606.523551543975,0
"15","Cassidy",10,522.91369666087,0,57,668.316814178598,0
"16","Cassidy",48,670.3979980508,0,64,725.937403327686,0
"17","Cassidy",10,752.408148349271,0,46,771.041887307525,0
"18","Cassidy",34,456.305722353693,0,52,633.900499312252,0
"19","Cassidy",8,972.693886456809,0,59,699.619265494867,0
"20","Cassidy",24,636.086279094362,0,39,682.431519787129,0
"21","Cassidy",12,915.027031718296,0,52,724.40689368185,0
"22","Cassidy",32,391.437041895591,0,47,618.509683788082,0
"23","Cassidy",46,406.80360544368,0,55,701.396623534717,0
"24","Cassidy",24,508.842045431242,0,55,706.142975390514,0
"25","Cassidy",28,599.917133680769,0,39,773.475379307421,0
"26","Cassidy",36,573.520427692441,0,44,750.020827480532,0
"27","Cassidy",10,1719.90185390627,0,50,743.346939055754,0
"28","Cassidy",28,403.528582916478,0,51,750.47010952579,0
"29","Cassidy",34,467.636901413167,0,46,766.186089662146,0
"30","Cassidy",26,756.62845326112,0,67,719.475697805936,0
"31","Cassidy",36,464.852791350667,0,44,734.753677972853,0
"32","Cassidy",15,845.429721238465,0,50,768.183715641802,0
"33","Cassidy",20,876.820310275077,0,55,773.995710642271,0
"34","Cassidy",14,147.044951633025,0,40,723.068691496333,0
"35","Cassidy",14,912.48241709644,0,38,796.552937700255,0
"36","Cassidy",18,857.787047071474,0,38,729.780887402437,0
"37","Cassidy",16,567.046521141192,0,59,688.135714175629,0
"38","Cassidy",10,683.322551028854,0,58,714.27583753684,0
"39","Cassidy",57,447.607238637294,0,59,648.442300126552,0
"40","Cassidy",38,649.38268130804,0,61,748.417381813193,0
"41","Cassidy",12,433.078428999796,0,51,774.657837223246,0
"42","Cassidy",30,251.430542376305,0,52,678.514129071446,0
"43","Cassidy",16,552.234415502723,0,42,725.189182991117,0
"44","Cassidy",30,518.055072420683,0,45,734.341579516949,0
"45","Cassidy",14,573.126874208664,0,42,725.313965609425,0
"46","Cassidy",26,256.296885431999,0,40,622.112788282878,0
"47","Cassidy",18,177.898015085096,0,42,665.489850661706,0
"48","Cassidy",24,447.466191599469,0,85,657.760076014198,0
"49","Cassidy",16,321.934602994557,0,63,654.702707916601,0
"50","Cassidy",28,218.099949066465,0,63,737.878220084134,0
"51","Cassidy",8,757.263769319643,0,50,763.536881094685,0
"52","Cassidy",44,473.066316238475,0,65,620.648197040059,0
"53","Cassidy",6,1724.14106505847,0,43,730.441833124605,0
"54","Cassidy",26,610.345876231986,0,53,689.730898120327,0
"55","Cassidy",20,1088.49377152167,0,40,837.498609088614,0
"56","Cassidy",38,620.603405466996,0,51,650.266115931216,0
"57","Cassidy",40,306.792363118277,0,57,669.457089706285,0
"58","Cassidy",28,781.604865980788,0,55,736.826283176641,0
"59","Cassidy",15,871.440274091413,0,40,767.971024993987,0
"60","Cassidy",10,313.735874065821,0,68,613.448707146922,0
"61","Cassidy",2,1596.16590899764,0,47,720.789909158577,0
"62","Cassidy",12,292.977499573854,0,72,701.940622837531,0
"63","Cassidy",28,533.186537016312,0,59,688.511319213482,0
"64","Cassidy",26,502.878859037626,0,43,713.756663207977,0
"65","Cassidy",20,577.061983298057,0,47,719.11615681822,0
"66","Cassidy",68,522.323253250764,0,55,620.215829662802,0
"67","Cassidy",32,487.927439601205,0,61,771.23886673521,0
"68","Cassidy",46,281.991282869197,0,60,663.617596827684,0
"69","Cassidy",28,297.421891435428,0,65,700.443462971112,0
"70","Cassidy",71,523.234428781073,0,65,687.786181381471,0
"71","Cassidy",32,633.288627268391,0,55,608.99208578616,0
"72","Cassidy",38,570.03246510604,0,63,618.180558516957,0
"73","Cassidy",51,657.597536041416,0,58,744.883405252021,0
"74","Cassidy",18,802.747424950773,0,43,770.172872520691,0
"75","Cassidy",2,598.456052043243,0,48,700.146229573146,0
"76","Cassidy",36,474.060024727947,0,43,663.798698469546,0
"77","Cassidy",16,337.320616461472,0,56,677.215174931084,0
"78","Cassidy",8,1518.16672661523,0,46,715.156073965335,0
"79","Cassidy",26,673.142999753969,0,43,688.708318859821,0
"80","Cassidy",36,508.730179868654,0,42,739.710049249185,0
"81","Cassidy",26,1062.39305425665,0,75,627.173616410699,0
"82","Cassidy",34,455.973182555945,0,37,622.79671093552,0
"83","Cassidy",56,563.356409296208,0,49,658.727475046022,0
"84","Cassidy",79,313.749338821225,0,51,632.258838924635,0
"85","Cassidy",15,490.388859414773,0,53,735.571302801205,0
"86","Cassidy",18,488.093982118161,0,48,722.226107538403,0
"87","Cassidy",28,336.48048219005,0,62,718.39958829092,0
"88","Cassidy",20,381.216793735683,0,53,785.275308829201,0
"89","Cassidy",22,245.301346066768,0,40,645.182404838038,0
"90","Cassidy",40,555.869009267764,0,73,675.558770159735,0
"91","Cassidy",40,524.466013194609,0,57,650.470522149726,0
"92","Cassidy",10,730.934289276795,0,67,709.855465647064,0
"93","Cassidy",12,657.779551675814,0,52,687.295508752078,0
"94","Cassidy",0,NA,0,44,621.222353278531,0
"95","Cassidy",4,119.926418210095,0,57,743.670399252412,0
"96","Cassidy",9,540.582422102921,0,54,843.747033437302,0
"97","Cassidy",26,547.236171447345,0,48,725.337432143216,0
"98","Cassidy",12,1346.50971904658,0,40,711.01424400556,0
"99","Cassidy",16,736.124449214912,0,57,642.368572156096,0
"100","Cassidy",52,271.644103731236,0,50,654.118078654578,0
"101","Cassidy",26,322.143858541742,0,67,682.346120517615,0
"102","Cassidy",34,518.87052505555,0,52,691.267749497293,0
"103","Cassidy",14,706.959101674582,0,44,594.859107616128,0
"104","Cassidy",24,830.277809404547,0,51,729.632473305479,0
"105","Cassidy",14,419.693074163479,0,61,716.330370528268,0
"106","Cassidy",16,1124.5826044827,0,54,678.495089235038,0
"107","Cassidy",36,716.981505163245,0,67,695.908144217061,0
"108","Cassidy",8,275.937342834716,0,68,735.707170425318,0
"109","Cassidy",52,615.631329761018,0,52,803.641692416,0
"110","Cassidy",4,1078.47768122823,0,64,679.560486880384,0
"111","Cassidy",10,542.047625960369,0,61,661.121780472683,0
"112","Cassidy",14,841.485301986541,0,38,811.640243524042,0
"113","Cassidy",26,414.606560425668,0,48,684.561674944794,0
"114","Cassidy",22,402.10642858086,0,46,807.659261264827,0
"115","Cassidy",35,706.928969343212,0,57,689.108759613856,0
"116","Cassidy",24,384.799777979747,0,29,775.147182363567,0
"117","Cassidy",6,612.160868577251,0,66,679.032430896316,0
"118","Cassidy",8,1137.52628546664,0,50,782.37572755261,0
"119","Cassidy",8,515.92754347326,0,65,719.141719041565,0
"120","Cassidy",14,572.786004139382,0,79,698.914323119471,0
"121","Cassidy",38,466.368143492492,0,52,648.077114646978,0
"122","Cassidy",30,615.208935055752,0,61,767.666332026147,0
"123","Cassidy",16,726.749558036461,0,53,761.854478054177,0
"124","Cassidy",32,475.618485955006,0,61,687.246892515016,0
"125","Cassidy",38,515.325350801502,0,76,606.822227372034,0
"126","Cassidy",14,1256.03060621358,0,62,747.801323843811,0
"127","Cassidy",2,133.048260572229,0,39,771.961668233782,0
"128","Cassidy",6,746.997790933954,0,42,807.147898993934,0
"129","Cassidy",40,462.151484672769,0,57,638.093102476046,0
"130","Cassidy",12,706.433039728452,0,43,767.937018797308,0
"131","Cassidy",18,679.241372848097,0,42,706.578281796671,0
"132","Cassidy",22,264.174347002075,0,73,685.748632132893,0
"133","Cassidy",74,419.157125227031,0,54,535.78768108377,0
"134","Cassidy",18,738.637042060146,0,36,683.868658759605,0
"135","Cassidy",30,563.217169168395,0,56,680.08540507346,0
"136","Cassidy",26,882.972328192922,0,45,720.142054209842,0
"137","Cassidy",23,644.265012436938,0,44,726.249195385625,0
"138","Cassidy",17,1063.75580245825,0,46,880.117765049201,0
"139","Cassidy",12,878.156473607286,0,58,739.482630923766,0
"140","Cassidy",8,683.873493548693,0,62,653.736908363322,0
"141","Cassidy",31,665.481681428782,0,63,657.458130432883,0
"142","Cassidy",30,287.953453553205,0,37,630.501937874528,0
"143","Cassidy",12,606.99982297023,0,65,663.130091904075,0
"144","Cassidy",38,469.37361122355,0,51,695.438558716362,0
"145","Cassidy",50,367.116717400404,0,103,600.653113212094,0
"146","Cassidy",30,463.527616706316,0,54,740.273983480534,0
"147","Cassidy",15,452.646214847565,0,39,765.988494685522,0
"148","Cassidy",10,482.413951480159,0,55,748.644463581062,0
"149","Cassidy",4,533.823303250934,0,55,730.761812647799,0
"150","Cassidy",24,703.303561443171,0,88,738.283068315207,0
"151","Cassidy",56,514.694330420552,0,49,627.910000477879,0
"152","Cassidy",22,474.670124191254,0,30,750.382274434892,0
"153","Cassidy",32,339.031577702999,0,52,712.885802626061,0
"154","Cassidy",30,177.37421618747,0,66,638.085783065762,0
"155","Cassidy",4,490.911671845499,0,40,678.019253550679,0
"156","Cassidy",32,786.91391646112,0,51,757.089203353969,0
"157","Cassidy",38,430.503092212837,0,60,691.609686399969,0
"158","Cassidy",20,286.751366044169,0,63,670.773139923618,0
"159","Cassidy",36,551.161279459526,0,51,718.62660591761,0
"160","Cassidy",31,401.696889195539,0,42,712.404477365043,0
"161","Cassidy",36,337.977876455809,0,56,674.931585577706,0
"162","Cassidy",28,441.432568325925,0,76,804.869213108904,0
"163","Cassidy",24,407.565235067388,0,61,775.803360707968,0
"164","Cassidy",16,301.305421468366,0,57,728.618261443274,0
"165","Cassidy",12,596.245653675144,0,64,717.549554135979,0
"166","Cassidy",12,748.262250122295,0,69,715.69119606378,0
"167","Cassidy",36,288.080068771645,0,74,574.962788678935,0
"168","Cassidy",16,447.066320472993,0,33,778.283799736222,0
"169","Cassidy",26,603.593286336604,0,64,698.806217497108,0
"170","Cassidy",24,566.772322596788,0,83,679.027947245713,0
"171","Cassidy",20,573.30195400546,0,82,612.423953850247,0
"172","Cassidy",10,520.070682307267,0,60,705.251639437729,0
"173","Cassidy",26,508.434451790718,0,57,689.58084660789,0
"174","Cassidy",10,1444.87160481551,0,28,671.786442902865,0
"175","Cassidy",38,387.217561105832,0,63,665.372427899718,0
"176","Cassidy",24,765.149922818868,0,43,732.414414616882,0
"177","Cassidy",16,543.36704737749,0,40,717.280706103816,0
"178","Cassidy",18,664.518443701399,0,32,764.964493640165,0
"179","Cassidy",12,549.735268473819,0,64,683.49882476378,0
"180","Cassidy",36,569.921328996605,0,56,701.616813328712,0
"181","Cassidy",38,700.108007958904,0,46,725.578416003683,0
"182","Cassidy",17,1096.56927911752,0,66,590.105834089912,0
"183","Cassidy",22,475.838090033214,0,51,532.363124929305,0
"184","Cassidy",18,553.024482675954,0,44,702.174395267264,0
"185","Cassidy",5,1640.65642623672,0,58,768.245048072171,0
"186","Cassidy",12,298.221614228594,0,46,694.848249393463,0
"187","Cassidy",14,472.15905664992,0,67,715.711776413237,0
"188","Cassidy",20,652.225989486245,0,55,770.191645237802,0
"189","Cassidy",36,587.44421864378,0,37,694.936945234007,0
"190","Cassidy",60,456.970418783481,0,44,708.614260641213,0
"191","Cassidy",34,375.111888576961,0,46,782.316535418955,0
"192","Cassidy",16,472.075118032709,0,51,684.286972076703,0
"193","Cassidy",24,333.660809423703,0,62,652.042231083768,0
"194","Cassidy",14,1131.36329790716,0,73,781.559314855122,0
"195","Cassidy",8,574.46406515134,0,67,680.671722333363,0
"196","Cassidy",40,538.302669248106,0,52,710.50222873288,0
"197","Cassidy",6,783.13022240048,0,56,738.821360915419,0
"198","Cassidy",14,639.146997085478,0,76,668.645833792229,0
"199","Cassidy",12,1705.64637074319,0,36,810.678162548656,0
"200","Cassidy",60,365.251906242749,0,71,639.63053691304,0
"201","Cassidy",66,528.425647567378,0,63,585.092495288607,0
"202","Cassidy",10,519.85052874078,0,59,758.613890023941,0
"203","Cassidy",18,530.585699448758,0,62,708.993718077296,0
"204","Cassidy",18,538.935731357892,0,47,719.678431477706,0
"205","Cassidy",17,896.840689321264,0,50,799.053858628251,0
"206","Cassidy",46,248.400908259795,0,63,634.174752823417,0
"207","Cassidy",30,307.420430336944,0,64,711.872368160027,0
"208","Cassidy",28,679.183839027796,0,69,690.798025243959,0
"209","Cassidy",54,403.470673888532,0,65,646.023611001573,0
"210","Cassidy",20,558.721861936744,0,59,677.941908741695,0
"211","Cassidy",57,560.736456941419,0,57,690.644982453901,0
"212","Cassidy",14,452.533824108087,0,55,664.727192408048,0
"213","Cassidy",18,841.635100711917,0,51,797.197237413621,0
"214","Cassidy",20,654.935597078472,0,62,702.899139035427,0
"215","Cassidy",18,948.37491544983,0,63,758.621098449934,0
"216","Cassidy",56,517.165713489718,0,63,678.259890907142,0
"217","Cassidy",26,712.950095888919,0,40,632.424919911626,0
"218","Cassidy",36,446.685649066217,0,49,803.23837141578,0
"219","Cassidy",30,456.620999232326,0,66,694.270692179882,0
"220","Cassidy",28,695.177607962956,0,45,694.435501841427,0
"221","Cassidy",20,658.518149482146,0,68,751.487382291524,0
"222","Cassidy",28,316.436303708748,0,47,709.92097236665,0
"223","Cassidy",50,410.489073187989,0,73,679.99926702117,0
"224","Cassidy",14,564.528129605398,0,57,752.457200301153,0
"225","Cassidy",15,809.770698570818,0,63,765.334418234009,0
"226","Cassidy",16,329.400073400681,0,53,788.795353691445,0
"227","Cassidy",26,499.578058720107,0,47,709.289313554736,0
"228","Cassidy",28,479.289299875807,0,72,667.274822881882,0
"229","Cassidy",18,448.091864184832,0,61,731.257154454488,0
"230","Cassidy",20,457.414777830227,0,53,691.165386294714,0
"231","Cassidy",24,292.440142483452,0,75,675.802019093728,0
"232","Cassidy",29,799.655356331065,0,50,797.421052411745,0
"233","Cassidy",20,221.153371740066,0,62,717.563318358441,0
"234","Cassidy",16,725.658454950374,0,46,778.245883213948,0
"235","Cassidy",30,333.24101426782,0,50,701.749977062107,0
"236","Cassidy",10,1209.50395800844,0,40,824.174669438523,0
"237","Cassidy",16,772.583937970122,0,55,750.282749395182,0
"238","Cassidy",30,621.562178122138,0,66,727.329475469236,0
"239","Cassidy",18,378.938572269711,0,58,641.466048059963,0
"240","Cassidy",32,528.881136803676,0,46,642.971191991107,0
"241","Cassidy",10,532.415633121892,0,58,737.767813572697,0
"242","Cassidy",8,529.980475060751,0,69,663.245567807929,0
"243","Cassidy",14,727.169219675428,0,50,746.424099476993,0
"244","Cassidy",30,493.606720810858,0,45,790.50835645134,0
"245","Cassidy",16,1067.54334765426,0,54,795.535507659231,0
"246","Cassidy",26,316.033983247537,0,50,716.941849621261,0
"247","Cassidy",44,427.030974326819,0,57,668.375072172588,0
"248","Cassidy",40,530.578018242736,0,43,628.14709157587,0
"249","Cassidy",36,419.504224429643,0,61,738.9314564838,0
"250","Cassidy",44,459.90722192525,0,49,670.353793042055,0
"251","Cassidy",24,580.945638221976,0,65,706.353677046998,0
"252","Cassidy",2,524.118582656391,0,78,708.713881878692,0
"253","Cassidy",26,682.94681270345,0,31,788.958280034773,0
"254","Cassidy",7,1547.97750512341,0,44,712.950653622678,0
"255","Cassidy",38,401.337957275509,0,65,593.164420119594,0
"256","Cassidy",32,444.906275932163,0,75,745.85668784997,0
"257","Cassidy",6,1306.66914491168,0,38,824.769378264255,0
"258","Cassidy",5,1516.80355640218,0,41,813.028217611503,0
"259","Cassidy",4,761.007558397204,0,52,588.238229989822,0
"260","Cassidy",19,752.048959260695,0,58,788.821936798253,0
"261","Cassidy",20,384.910373506711,0,56,722.914449935838,0
"262","Cassidy",22,292.956263086147,0,49,682.471199024059,0
"263","Cassidy",14,204.389384488354,0,56,669.011464163489,0
"264","Cassidy",16,475.615494527671,0,58,801.879464336772,0
"265","Cassidy",34,728.008802306151,0,51,782.392135231405,0
"266","Cassidy",12,653.84312934559,0,57,672.741745567094,0
"267","Cassidy",14,429.231864273833,0,69,723.946171139307,0
"268","Cassidy",20,500.161750517949,0,46,746.286825759131,0
"269","Cassidy",18,175.993372033033,0,61,696.717708784097,0
"270","Cassidy",28,385.911473777274,0,58,709.198261372113,0
"271","Cassidy",34,472.549737662462,0,39,754.560141382128,0
"272","Cassidy",23,594.540602697783,0,56,713.874729718535,0
"273","Cassidy",56,521.056411484472,0,37,752.47060117976,0
"274","Cassidy",41,569.622387594316,0,43,870.133989269123,0
"275","Cassidy",8,986.917579465601,0,48,785.457146386898,0
"276","Cassidy",55,409.66304053972,0,53,663.488931663098,0
"277","Cassidy",12,408.883916737394,0,61,704.596000820341,0
"278","Cassidy",42,610.115221740378,0,39,759.00165185484,0
"279","Cassidy",11,1230.63069019494,0,38,821.745784490928,0
"280","Cassidy",17,475.471764541486,0,51,685.613336276291,0
"281","Cassidy",48,604.383246256042,0,45,749.513199926178,0
"282","Cassidy",30,286.542074415385,0,58,635.557837986874,0
"283","Cassidy",48,492.201907187609,0,45,711.887957631073,0
"284","Cassidy",19,611.387659741825,0,61,754.049409536162,0
"285","Cassidy",42,516.754508082348,0,59,644.679602516549,0
"286","Cassidy",20,558.31563488925,0,61,730.606482517547,0
"287","Cassidy",50,630.786533897913,0,45,714.466437563414,0
"288","Cassidy",20,490.971895528813,0,67,709.175565944043,0
"289","Cassidy",44,281.31128461583,0,58,651.730623915371,0
"290","Cassidy",28,710.998653558115,0,40,730.99059371626,0
"291","Cassidy",6,852.847187423326,0,53,699.20652301501,0
"292","Cassidy",12,1033.87669415879,0,34,866.703139782924,0
"293","Cassidy",22,161.722933797904,0,39,653.209508875296,0
"294","Cassidy",14,660.194542171524,0,64,744.013992178792,0
"295","Cassidy",24,665.951695961539,0,66,623.841049310219,0
"296","Cassidy",23,703.979026614036,0,49,763.499449670001,0
"297","Cassidy",33,582.299118516654,0,44,749.477328099106,0
"298","Cassidy",22,279.656349275761,0,63,680.895436131685,0
"299","Cassidy",20,454.129248824908,0,73,684.980963008324,0
"300","Cassidy",36,719.72490064358,0,51,697.858873800765,0
"301","Cassidy",5,1486.28574208586,0,64,700.923579217779,0
"302","Cassidy",28,458.398993794489,0,48,662.2725172183,0
"303","Cassidy",22,363.737151136089,0,50,717.258171258265,0
"304","Cassidy",40,375.061610466427,0,51,621.460112986205,0
"305","Cassidy",8,1577.44121948378,0,54,787.403917918846,0
"306","Cassidy",6,271.059496942563,0,39,723.508969346558,0
"307","Cassidy",18,407.50185022353,0,58,664.771635259593,0
"308","Cassidy",16,928.673221769374,0,60,727.183181995287,0
"309","Cassidy",32,713.986126833281,0,43,782.393682423013,0
"310","Cassidy",21,494.109158575664,0,55,729.226703124886,0
"311","Cassidy",2,310.447657659968,0,60,743.4434533178,0
"312","Cassidy",24,836.891817246499,0,45,767.976729829963,0
"313","Cassidy",42,329.973191242484,0,53,660.891484862291,0
"314","Cassidy",20,380.724038720608,0,81,679.617118964287,0
"315","Cassidy",52,362.033890527572,0,43,623.087343701408,0
"316","Cassidy",7,917.13048226058,0,51,687.61677853739,0
"317","Cassidy",20,898.615592158314,0,35,749.935077475321,0
"318","Cassidy",22,270.560857758093,0,59,660.050468610929,0
"319","Cassidy",8,322.063316973807,0,56,772.098279668863,0
"320","Cassidy",44,544.745078129332,0,67,732.012568164495,0
"321","Cassidy",32,620.546173905658,0,64,705.658549718114,0
"322","Cassidy",44,301.845992343889,0,50,723.106411735538,0
"323","Cassidy",30,629.129213996483,0,65,711.358135817342,0
"324","Cassidy",16,301.3426567772,0,56,615.329751711855,0
"325","Cassidy",44,418.772870816041,0,45,702.696674757622,0
"326","Cassidy",2,522.624280837089,0,51,696.472554925304,0
"327","Cassidy",39,542.015336630957,0,68,648.225368718164,0
"328","Cassidy",22,329.063557151302,0,59,644.457539283489,0
"329","Cassidy",34,371.262053522464,0,57,678.895055525303,0
"330","Cassidy",8,917.206565656003,0,56,718.598319611753,0
"331","Cassidy",14,250.771781872796,0,63,573.980753342012,0
"332","Cassidy",8,505.087180320194,0,65,644.739786876651,0
"333","Cassidy",73,238.823890235013,0,57,654.440448118387,0
"334","Cassidy",38,398.239391186485,0,81,605.889332181808,0
"335","Cassidy",14,413.145852995514,0,59,706.967674627653,0
"336","Cassidy",40,568.687587563867,0,53,740.92458025522,0
"337","Cassidy",26,433.082997911027,0,48,755.7462278924,0
"338","Cassidy",30,499.089200342886,0,50,762.716152960358,0
"339","Cassidy",18,376.520979736852,0,56,788.609471138271,0
"340","Cassidy",40,630.058474670495,0,57,710.578183617258,0
"341","Cassidy",22,424.310152309574,0,66,701.923111891658,0
"342","Cassidy",38,473.331383061004,0,56,729.567625929003,0
"343","Cassidy",14,883.007051442921,0,49,720.341211404524,0
"344","Cassidy",24,101.119938415384,0,65,625.149609746271,0
"345","Cassidy",40,349.12966097815,0,42,768.835495504581,0
"346","Cassidy",14,367.677302844282,0,49,670.028871637043,0
"347","Cassidy",30,521.583095975007,0,44,705.431926005198,0
"348","Cassidy",31,503.202133497779,0,50,711.527548474147,0
"349","Cassidy",23,683.752978654686,0,64,655.167046880129,0
"350","Cassidy",34,621.06625760827,0,74,675.482636724627,0
"351","Cassidy",24,787.988305033595,0,75,660.270283318954,0
"352","Cassidy",36,577.965090877092,0,49,682.172677684132,0
"353","Cassidy",44,304.878064688347,0,68,634.676621649933,0
"354","Cassidy",41,432.026431182599,0,65,717.068955543923,0
"355","Cassidy",24,694.166838432459,0,55,750.73128945166,0
"356","Cassidy",34,521.066924547544,0,88,712.354346990437,0
"357","Cassidy",30,510.873259892755,0,54,744.169350694611,0
"358","Cassidy",26,412.093976568318,0,47,790.387725933812,0
"359","Cassidy",32,404.185895508149,0,49,668.198299537317,0
"360","Cassidy",34,561.842350765348,0,53,702.83537627884,0
"361","Cassidy",18,347.498721486885,0,45,677.359151399477,0
"362","Cassidy",8,418.380227412879,0,56,728.648041828854,0
"363","Cassidy",32,294.220382947427,0,58,697.288842170862,0
"364","Cassidy",34,392.504761184498,0,87,666.850751695794,0
"365","Cassidy",30,490.085568278193,0,72,637.559271741375,0
"366","Cassidy",16,257.441995399964,0,52,728.482229228144,0
"367","Cassidy",28,488.69765862987,0,42,672.696363943869,0
"368","Cassidy",4,1280.68575106258,0,37,739.074807849371,0
"369","Cassidy",26,412.324596302484,0,41,637.95458509003,0
"370","Cassidy",28,595.647394738272,0,49,764.505390265694,0
"371","Cassidy",38,427.593081710589,0,52,643.850578835083,0
"372","Cassidy",62,218.958144158048,2,64,620.339554240093,0
"373","Cassidy",46,373.215857806824,0,50,673.422479278067,0
"374","Cassidy",30,372.785136997599,0,43,735.337607384286,0
"375","Cassidy",36,317.344518770026,0,68,696.337291128603,0
"376","Cassidy",6,1669.4961929947,0,36,871.034292688775,0
"377","Cassidy",34,386.868303149501,0,59,645.833502064365,0
"378","Cassidy",22,552.507748046793,0,47,604.783735454447,0
"379","Cassidy",24,471.676796227466,0,67,663.556125742492,0
"380","Cassidy",8,819.100110659772,0,53,654.143746538618,0
"381","Cassidy",26,460.257726279661,0,54,656.399693414914,0
"382","Cassidy",12,1098.57704078325,0,49,690.524088508503,0
"383","Cassidy",14,789.452972776712,0,59,660.505524832319,0
"384","Cassidy",20,573.535088163751,0,63,614.312413723652,0
"385","Cassidy",14,1070.2725226753,0,42,850.639607756243,0
"386","Cassidy",28,346.456607866878,0,63,689.194717661711,0
"387","Cassidy",4,945.473898919143,0,54,723.704645325961,0
"388","Cassidy",34,425.748537519892,0,78,676.939369091649,0
"389","Cassidy",26,743.403942151859,0,53,676.524870770716,0
"390","Cassidy",22,269.328553811123,0,50,758.568894917041,0
"391","Cassidy",26,429.677761177479,0,56,747.603433773822,0
"392","Cassidy",9,1043.21138381973,0,38,756.24836507866,0
"393","Cassidy",34,328.790745381388,0,64,676.588544751158,0
"394","Cassidy",26,391.804371013779,0,55,666.354763811354,0
"395","Cassidy",6,330.028497782328,0,75,683.856285438892,0
"396","Cassidy",6,58.6557856231389,0,51,732.592171602852,0
"397","Cassidy",12,1030.41784305026,0,46,685.132724796474,0
"398","Cassidy",54,332.003483746994,0,75,595.272841172275,0
"399","Cassidy",30,692.576905782543,0,53,894.058164794093,0
"400","Cassidy",28,448.19575056954,0,48,663.126145123123,0
"401","Cassidy",20,804.207004093452,0,44,737.861898915067,0
"402","Cassidy",22,219.84945645728,0,49,678.229076048509,0
"403","Cassidy",20,514.553835130934,0,48,718.019476322919,0
"404","Cassidy",20,796.698843555902,0,28,786.007718304009,0
"405","Cassidy",36,474.416238518755,0,64,703.060322471773,0
"406","Cassidy",30,581.631097184496,0,53,631.197276355738,0
"407","Cassidy",44,501.459455193766,0,63,781.467129782617,0
"408","Cassidy",28,228.670224023448,0,59,706.330249541465,0
"409","Cassidy",18,499.488942979585,0,48,690.369389881102,0
"410","Cassidy",24,475.913307989337,0,73,680.414940524371,0
"411","Cassidy",10,441.54491257869,0,65,723.731561834785,0
"412","Cassidy",26,457.517793421078,0,36,697.306206946198,0
"413","Cassidy",26,506.095545882439,0,43,771.491705567139,0
"414","Cassidy",27,498.620925256248,0,39,693.19929695654,0
"415","Cassidy",29,375.0666605094,0,56,634.139737427511,0
"416","Cassidy",33,353.814605738573,0,67,733.64246803934,0
"417","Cassidy",46,613.697508699087,0,42,664.036715503217,0
"418","Cassidy",20,346.461845634067,0,62,724.336556737929,0
"419","Cassidy",28,463.446214892122,0,52,651.731397486705,0
"420","Cassidy",20,777.318098925427,0,40,738.659281350272,0
"421","Cassidy",42,233.674934287194,0,73,589.633666389484,0
"422","Cassidy",44,374.242271051362,0,54,673.34637137871,0
"423","Cassidy",24,426.711265286129,0,60,642.734296932009,0
"424","Cassidy",14,622.286314849641,0,51,791.790655735169,0
"425","Cassidy",30,295.108968578017,0,57,630.466603619398,0
"426","Cassidy",9,661.808897765402,0,40,726.063660151837,0
"427","Cassidy",56,697.30511269192,0,67,646.227927148606,0
"428","Cassidy",8,906.7767969355,0,59,740.518836932074,0
"429","Cassidy",20,848.773972067947,0,49,760.612106544991,0
"430","Cassidy",18,515.090538887625,0,43,686.65652418666,0
"431","Cassidy",37,380.085426519141,0,62,708.316769194533,0
"432","Cassidy",26,466.012523117485,0,51,706.598641362635,0
"433","Cassidy",36,407.991769018473,0,51,754.200760958447,0
"434","Cassidy",28,454.666480771544,0,58,686.481030262995,0
"435","Cassidy",8,1297.09378197097,0,38,890.157817668372,0
"436","Cassidy",44,413.183227351022,0,63,707.107373857595,0
"437","Cassidy",30,635.035635812777,0,45,777.308865959169,0
"438","Cassidy",16,570.486871296871,0,51,697.443704777636,0
"439","Cassidy",17,842.78936350984,0,42,763.532849936804,0
"440","Cassidy",10,1032.25820296998,0,55,767.889966840831,0
"441","Cassidy",26,441.232982516037,0,73,588.587339357115,0
"442","Cassidy",48,477.412448365503,0,54,691.200444951314,0
"443","Cassidy",28,415.353847667297,0,53,696.722326331791,0
"444","Cassidy",24,515.383788224472,0,49,668.834910947551,0
"445","Cassidy",38,290.391551998327,0,46,632.490204429771,0
"446","Cassidy",42,628.670158163008,0,57,750.147120450394,0
"447","Cassidy",38,233.004118001299,0,62,717.95836473435,0
"448","Cassidy",20,755.084897849028,0,47,748.254310614651,0
"449","Cassidy",18,666.857133258128,0,53,786.327132685207,0
"450","Cassidy",17,650.528795272503,0,51,697.000695979895,0
"451","Cassidy",28,283.33942992008,0,37,709.804420701429,0
"452","Cassidy",8,162.911473092514,0,48,784.795686434248,0
"453","Cassidy",15,899.09221177684,0,47,693.307621179959,0
"454","Cassidy",4,1568.46233448454,0,42,847.880475097953,0
"455","Cassidy",28,351.057728084148,0,75,658.953852255786,0
"456","Cassidy",24,439.294911950237,0,63,737.291727281429,0
"457","Cassidy",14,681.381122863804,0,56,611.830877675165,0
"458","Cassidy",32,233.840131007158,0,64,678.302161605971,0
"459","Cassidy",22,565.646029553545,0,44,740.658262247044,0
"460","Cassidy",28,247.116622569413,0,75,635.374636655465,0
"461","Cassidy",22,1098.60025257985,0,45,736.268257095755,0
"462","Cassidy",41,333.053833808044,0,50,686.083093297734,0
"463","Cassidy",30,455.939160659595,0,52,740.853107554069,0
"464","Cassidy",6,1705.85034687507,0,38,697.871692731277,0
"465","Cassidy",16,568.910065530272,0,51,799.894851722566,0
"466","Cassidy",29,907.610989888056,0,39,787.355590032971,0
"467","Cassidy",13,526.884012883883,0,58,697.25720997486,0
"468","Cassidy",8,104.730285310826,0,65,718.951461144379,0
"469","Cassidy",28,475.527947256855,0,46,707.974007353407,0
"470","Cassidy",30,685.346428178632,0,64,741.135621688512,0
"471","Cassidy",38,547.19497054244,0,59,646.343141058121,0
"472","Cassidy",38,418.183761010631,0,55,672.009743228595,0
"473","Cassidy",20,520.234117645363,0,43,724.955162969292,0
"474","Cassidy",36,705.061846023067,0,48,794.719382564249,0
"475","Cassidy",2,1555.31644886307,0,45,789.550812292924,0
"476","Cassidy",26,372.068385165428,0,50,757.106331218202,0
"477","Cassidy",20,678.399325660074,0,61,707.070907654264,0
"478","Cassidy",35,238.92747275595,0,44,758.36582359094,0
"479","Cassidy",36,456.702220807782,0,70,630.574854839669,0
"480","Cassidy",34,183.687437380142,0,61,654.843623228363,0
"481","Cassidy",36,260.151402080742,0,61,736.822168784406,0
"482","Cassidy",40,461.64869290902,0,59,633.446181846713,0
"483","Cassidy",28,611.646850139538,0,46,662.776573215929,0
"484","Cassidy",15,492.020311233852,0,48,718.367771769454,0
"485","Cassidy",29,461.415661912536,0,35,733.156344364612,0
"486","Cassidy",7,1216.24764622718,0,50,628.825681948225,0
"487","Cassidy",34,563.900243363049,0,61,710.758540096458,0
"488","Cassidy",20,594.103171569691,0,66,718.186097349899,0
"489","Cassidy",44,500.533865469738,0,40,701.913235660944,0
"490","Cassidy",38,340.916914746396,0,68,681.795681209224,0
"491","Cassidy",2,1776.26947275503,0,46,702.965560576779,0
"492","Cassidy",54,479.980054729323,0,41,723.532955637843,0
"493","Cassidy",22,409.051568489634,0,52,754.798942432445,0
"494","Cassidy",20,361.024953199207,0,50,764.892965120139,0
"495","Cassidy",4,99.7724938962121,0,59,684.356951972809,0
"496","Cassidy",16,629.088394470544,0,58,709.307976572222,0
"497","Cassidy",18,742.918904497254,0,36,712.19653000245,0
"498","Cassidy",36,573.945639193663,0,61,779.041729322634,0
"499","Cassidy",38,542.579888536729,0,72,707.946632571879,0
"500","Cassidy",12,851.267456595272,0,65,710.045951298451,0
"501","Cassidy",26,301.513940187205,0,53,729.440087676986,0
"502","Cassidy",18,524.020449091312,0,68,730.262229631276,0
"503","Cassidy",22,689.985324188257,0,53,748.175397525432,0
"504","Cassidy",36,578.373513544968,0,60,674.936716422549,0
"505","Cassidy",22,270.562588158515,0,50,653.367033261418,0
"506","Cassidy",22,220.571371620749,0,62,708.553401303874,0
"507","Cassidy",44,581.890851030922,0,46,730.365420322101,0
"508","Cassidy",10,304.182547837035,0,80,731.013874372951,0
"509","Cassidy",20,707.431948860393,0,61,692.675442203331,0
"510","Cassidy",6,1628.32931006042,0,44,705.086388607176,0
"511","Cassidy",16,380.780887688561,0,45,793.201414095795,0
"512","Cassidy",16,177.490276669728,0,43,727.195736679761,0
"513","Cassidy",10,506.196906164054,0,55,704.113054832686,0
"514","Cassidy",14,316.426067383505,0,58,745.166493414092,0
"515","Cassidy",20,699.993352587575,0,55,692.387642133321,0
"516","Cassidy",31,502.220739434091,0,47,637.394778757876,0
"517","Cassidy",22,376.658663130551,0,72,726.10813022106,0
"518","Cassidy",28,559.194751598005,0,60,733.683937761257,0
"519","Cassidy",35,534.042714392696,0,41,677.391855293756,0
"520","Cassidy",14,412.140108106402,0,63,642.777845663132,0
"521","Cassidy",9,708.847638438013,0,54,767.704013487232,0
"522","Cassidy",42,274.619943012967,0,57,705.239515849563,0
"523","Cassidy",8,584.315956092943,0,55,670.665359114855,0
"524","Cassidy",32,464.468238511845,0,42,637.560445413332,0
"525","Cassidy",8,1271.8364703853,0,43,743.259056227289,0
"526","Cassidy",4,633.725974547342,0,70,679.438219493871,0
"527","Cassidy",24,356.848190338967,0,55,730.748192631347,0
"528","Cassidy",16,1011.84412935078,0,43,763.479902802444,0
"529","Cassidy",30,592.497075861191,0,48,690.543688493559,0
"530","Cassidy",18,376.110968176618,0,41,705.496612005144,0
"531","Cassidy",33,500.751509687435,0,61,688.111361524611,0
"532","Cassidy",36,372.912763929957,0,61,672.558335572098,0
"533","Cassidy",18,441.524902994796,0,68,636.057966719308,0
"534","Cassidy",32,372.32803598157,0,50,722.439780645222,0
"535","Cassidy",12,457.21927377661,0,49,717.295597769933,0
"536","Cassidy",28,417.464004559063,0,68,681.841676138665,0
"537","Cassidy",18,499.9622471485,0,67,581.964217551992,0
"538","Cassidy",28,626.173745699677,0,40,714.123652724513,0
"539","Cassidy",28,327.641122637276,0,69,742.44631157528,0
"540","Cassidy",14,935.060490797758,0,46,708.855675824701,0
"541","Cassidy",16,503.873434793861,0,57,700.990910444707,0
"542","Cassidy",52,493.737679026701,0,69,660.409610061488,0
"543","Cassidy",16,557.018228094212,0,49,793.721891910888,0
"544","Cassidy",34,510.21442954674,0,52,658.746455931155,0
"545","Cassidy",28,324.201119651968,0,41,754.522389817536,0
"546","Cassidy",10,368.439809283428,0,56,726.930913706738,0
"547","Cassidy",46,562.162120880373,0,47,672.710887551779,0
"548","Cassidy",30,339.387583901193,0,49,624.484195809563,0
"549","Cassidy",30,438.935650549825,0,57,645.084302037187,0
"550","Cassidy",14,725.012564126131,0,64,767.186614665371,0
"551","Cassidy",32,466.996283861154,0,68,682.370481603077,0
"552","Cassidy",22,716.81819572089,0,54,839.346023071787,0
"553","Cassidy",20,608.24486765837,0,42,725.021226143984,0
"554","Cassidy",26,463.008678576072,0,61,757.898571862615,0
"555","Cassidy",20,210.657354905237,0,64,678.604706949387,0
"556","Cassidy",12,641.954354732634,0,54,689.033041023853,0
"557","Cassidy",36,514.86415767428,0,42,661.025828795693,0
"558","Cassidy",16,174.810633262027,0,72,636.763791305208,0
"559","Cassidy",4,1164.79988339456,0,51,690.864309423777,0
"560","Cassidy",26,592.089892974016,0,42,774.181883069921,0
"561","Cassidy",10,695.296491245818,0,53,757.350738287008,0
"562","Cassidy",46,509.968678823162,0,55,803.96579638233,0
"563","Cassidy",29,551.699364774324,0,35,824.15106903243,0
"564","Cassidy",38,427.820445098199,0,67,650.422349874239,0
"565","Cassidy",28,163.086769190655,0,77,622.94215560445,0
"566","Cassidy",34,304.259047895769,0,65,694.581699633385,0
"567","Cassidy",37,607.643566784661,0,55,677.885051074126,0
"568","Cassidy",8,1041.082226142,0,60,683.449956595002,0
"569","Cassidy",22,389.086071823885,0,56,616.162039105678,0
"570","Cassidy",36,438.440179631465,0,46,686.083512099494,0
"571","Cassidy",2,610.120628268981,0,36,756.737825779346,0
"572","Cassidy",12,568.086423387646,0,45,735.46387482416,0
"573","Cassidy",57,620.430620421606,0,49,735.484844639698,0
"574","Cassidy",30,544.924324294167,0,67,659.427665118793,0
"575","Cassidy",14,833.683742087434,0,50,778.534031022678,0
"576","Cassidy",23,166.782605113505,0,46,790.268088756585,0
"577","Cassidy",20,380.466105914497,0,49,748.967482862044,0
"578","Cassidy",18,101.417979093607,0,65,633.557703458337,0
"579","Cassidy",60,441.408729231018,0,70,658.354836600869,0
"580","Cassidy",13,611.108135373974,0,58,761.114244458911,0
"581","Cassidy",18,459.25418185571,0,51,701.425416430995,0
"582","Cassidy",33,624.751369002092,0,44,702.282955919197,0
"583","Cassidy",18,228.110232789193,0,52,613.854801723987,0
"584","Cassidy",24,344.571586008428,0,56,615.174314371906,0
"585","Cassidy",8,877.058720447985,0,42,647.356910532414,0
"586","Cassidy",36,383.620022394696,0,46,720.839648689542,0
"587","Cassidy",30,606.888783809499,0,41,740.252094943856,0
"588","Cassidy",41,506.139444304315,0,63,657.595105216369,0
"589","Cassidy",34,412.501088728818,0,62,762.725274401152,0
"590","Cassidy",30,428.739567098263,0,52,697.413733031057,0
"591","Cassidy",30,853.910593049722,0,63,770.20853998066,0
"592","Cassidy",24,598.76524174471,0,76,650.688640161556,0
"593","Cassidy",16,538.849376037928,0,49,723.778527653607,0
"594","Cassidy",10,445.50334480826,0,80,673.404898297628,0
"595","Cassidy",18,386.204589000866,0,62,685.617009264878,0
"596","Cassidy",2,1767.09978034405,0,56,754.626645364175,0
"597","Cassidy",24,351.517053065496,0,47,725.791913846391,0
"598","Cassidy",21,349.349159265253,0,47,733.968828523597,0
"599","Cassidy",59,575.842061437197,0,49,651.565252379473,0
"600","Cassidy",32,577.729603513252,0,44,732.187489122971,0
"601","Cassidy",36,390.113624773898,0,56,706.393100350404,0
"602","Cassidy",38,501.725624842107,0,48,584.217844677784,0
"603","Cassidy",22,557.387944921089,0,56,709.001081283114,0
"604","Cassidy",20,314.03597544901,0,31,717.43312823418,0
"605","Cassidy",26,608.556280877897,0,53,775.485940906051,0
"606","Cassidy",16,575.507359408378,0,59,742.032143742343,0
"607","Cassidy",28,282.911511142398,0,65,625.86524372539,0
"608","Cassidy",10,754.9943845406,0,61,688.584513739743,0
"609","Cassidy",23,765.253201106437,0,59,658.210986297406,0
"610","Cassidy",22,557.411438302883,0,49,741.3975910284,0
"611","Cassidy",22,689.669383963961,0,46,699.147124449432,0
"612","Cassidy",4,1542.97363013785,0,29,745.04111846885,0
"613","Cassidy",45,375.288408286443,0,41,709.184738096185,0
"614","Cassidy",10,325.054722645062,0,35,806.917142703846,0
"615","Cassidy",24,353.454819249426,0,51,712.990290398116,0
"616","Cassidy",24,585.686246288457,0,55,712.936845383288,0
"617","Cassidy",2,1699.33820151239,0,61,669.194801630475,0
"618","Cassidy",32,285.302632338567,0,57,755.216787309639,0
"619","Cassidy",27,692.791979334308,0,54,804.346982275765,0
"620","Cassidy",24,311.214779892988,0,61,642.49707324785,0
"621","Cassidy",31,403.824563098774,0,63,697.364660128439,0
"622","Cassidy",30,423.161074202546,0,58,606.78208117834,0
"623","Cassidy",8,477.963878722165,0,32,728.29135512826,0
"624","Cassidy",16,586.291558177266,0,49,678.365923596074,0
"625","Cassidy",34,585.705667202919,0,70,693.154648206582,0
"626","Cassidy",18,659.441172452061,0,77,711.119926374572,0
"627","Cassidy",16,783.298770361411,0,41,859.240884148774,0
"628","Cassidy",2,175.084157420657,0,63,680.29584407246,0
"629","Cassidy",20,139.908902405459,0,51,688.291208617595,0
"630","Cassidy",18,524.726161616554,0,49,736.007598774623,0
"631","Cassidy",36,315.742385995624,0,51,716.304094648364,0
"632","Cassidy",19,816.627729535022,0,47,781.396570920358,0
"633","Cassidy",42,298.934322255499,0,56,708.310267244959,0
"634","Cassidy",5,1087.06411370997,0,62,735.837029990792,0
"635","Cassidy",35,812.025323800397,0,30,914.945133916289,0
"636","Cassidy",28,654.954301991175,0,60,662.612681285356,0
"637","Cassidy",10,242.604015451784,0,54,765.921589760398,0
"638","Cassidy",10,653.941520951028,0,43,764.980470077014,0
"639","Cassidy",10,336.889177728007,0,47,746.210244309208,0
"640","Cassidy",52,424.133532534913,0,49,619.878528761182,0
"641","Cassidy",33,895.355045513711,0,51,792.701494713528,0
"642","Cassidy",16,243.355139871542,0,57,722.232889370976,0
"643","Cassidy",22,352.748476315652,0,55,649.612021976765,0
"644","Cassidy",30,396.570155898787,0,77,661.048901842561,0
"645","Cassidy",26,484.735748974875,0,52,777.975930002212,0
"646","Cassidy",16,585.299198489218,0,58,669.856237105575,0
"647","Cassidy",47,444.378769869043,0,58,704.388626867803,0
"648","Cassidy",36,653.407373155992,0,67,671.235520628318,0
"649","Cassidy",30,600.775233897989,0,74,649.820329871183,0
"650","Cassidy",40,328.986815178008,0,49,699.150064074652,0
"651","Cassidy",52,456.650220160191,0,58,685.724503238113,0
"652","Cassidy",22,803.229428210222,0,51,727.638958238803,0
"653","Cassidy",32,295.372418962324,0,36,638.913548318968,0
"654","Cassidy",26,398.586071384491,0,62,701.989824312513,0
"655","Cassidy",8,314.935353641786,0,49,752.951499530845,0
"656","Cassidy",38,400.694718892383,0,61,637.856663509882,0
"657","Cassidy",2,1748.90454077762,0,64,651.035755276854,0
"658","Cassidy",43,634.366698803565,0,47,723.044265296798,0
"659","Cassidy",50,429.983796117545,0,42,753.008212333231,0
"660","Cassidy",27,472.380565259857,0,69,647.603692551775,0
"661","Cassidy",16,911.739935901033,0,48,705.014961043424,0
"662","Cassidy",36,481.821720185263,0,56,712.415282375944,0
"663","Cassidy",22,166.18706185029,0,59,653.013369364314,0
"664","Cassidy",48,406.459567452066,0,55,644.245833023983,0
"665","Cassidy",27,768.108714250228,0,64,677.270165097151,0
"666","Cassidy",16,547.700830573013,0,54,744.362838987247,0
"667","Cassidy",28,388.327364018213,0,48,721.171268746648,0
"668","Cassidy",14,458.680172638417,0,58,748.104245581771,0
"669","Cassidy",28,582.508062016899,0,57,690.230828570294,0
"670","Cassidy",32,499.947464184593,0,35,705.978638211028,0
"671","Cassidy",32,217.500319122401,0,59,648.796327042662,0
"672","Cassidy",29,457.01650938398,0,52,782.394968031893,0
"673","Cassidy",4,962.702660873025,0,55,732.921789166258,0
"674","Cassidy",4,1542.07701411434,0,73,653.013533664451,0
"675","Cassidy",16,559.511348998261,0,37,732.785941589693,0
"676","Cassidy",46,481.119717542999,0,48,609.591539978053,0
"677","Cassidy",24,826.079174912746,0,55,700.06335535298,0
"678","Cassidy",9,666.104396493886,0,61,760.561045056975,0
"679","Cassidy",14,287.135017624162,0,62,731.236838262657,0
"680","Cassidy",36,399.539328614362,0,54,734.500492487478,0
"681","Cassidy",16,425.520686062889,0,50,782.120241029436,0
"682","Cassidy",18,682.224757274681,0,56,697.965067582124,0
"683","Cassidy",2,384.084169274509,0,51,723.711264625529,0
"684","Cassidy",34,455.567780696345,0,65,673.807799613694,0
"685","Cassidy",16,626.313241468567,0,47,747.870404294619,0
"686","Cassidy",32,548.053212719233,0,64,685.159925206134,0
"687","Cassidy",22,498.306735952824,0,54,791.194440036928,0
"688","Cassidy",53,486.306058679297,0,48,735.447306227127,0
"689","Cassidy",64,615.818853284718,0,46,682.402217091334,0
"690","Cassidy",4,945.52961629094,0,38,660.442637767854,0
"691","Cassidy",29,406.812801647079,0,44,641.189882524972,0
"692","Cassidy",17,783.858668686343,0,54,724.889653810566,0
"693","Cassidy",26,372.06104070433,0,66,685.891599923652,0
"694","Cassidy",28,317.15911519882,0,52,697.29841885133,0
"695","Cassidy",25,846.156485282774,0,32,646.05146931668,0
"696","Cassidy",20,852.147875371314,0,52,691.395342826352,0
"697","Cassidy",13,975.474173878904,0,69,719.491848637974,0
"698","Cassidy",24,269.843159538472,0,57,706.352191217623,0
"699","Cassidy",49,621.721408121319,0,47,619.420652087125,0
"700","Cassidy",38,233.507397853028,0,52,690.112937516682,0
"701","Cassidy",34,378.684680503915,0,48,762.644283810582,0
"702","Cassidy",20,446.38872452632,0,32,755.032155419721,0
"703","Cassidy",14,493.936515115107,0,49,749.316083575516,0
"704","Cassidy",21,907.732392770483,0,59,752.873992554734,0
"705","Cassidy",12,232.607835771579,0,64,606.559584749743,0
"706","Cassidy",17,597.788659164167,0,49,697.515147758287,0
"707","Cassidy",28,645.052728692106,0,47,807.631467487515,0
"708","Cassidy",16,611.206804715348,0,61,664.778206269942,0
"709","Cassidy",20,568.820915091181,0,53,705.403177137119,0
"710","Cassidy",12,262.927296639964,0,48,691.33669439426,0
"711","Cassidy",44,455.112716489831,0,56,596.283955738503,0
"712","Cassidy",31,509.547636993363,0,81,668.97854454248,0
"713","Cassidy",23,795.518332438835,0,61,742.297834708108,0
"714","Cassidy",28,448.09776376098,0,55,706.214383763276,0
"715","Cassidy",26,557.473231877699,0,66,648.994757375039,0
"716","Cassidy",6,910.960474532097,0,67,748.356480071828,0
"717","Cassidy",24,414.902887332458,0,52,643.91809049531,0
"718","Cassidy",33,466.671746868559,0,52,771.222682445821,0
"719","Cassidy",30,444.843222156387,0,49,701.186290331882,0
"720","Cassidy",22,718.25402202804,0,59,774.733222263837,0
"721","Cassidy",6,1205.28463695244,0,35,758.141203821904,0
"722","Cassidy",16,1211.9675177037,0,41,848.609751116774,0
"723","Cassidy",34,527.438984193028,0,58,697.089103231648,0
"724","Cassidy",10,1107.4870161841,0,42,829.954860795575,0
"725","Cassidy",8,1412.8399936012,0,54,756.733353760959,0
"726","Cassidy",50,538.966751269975,0,58,633.18040658884,0
"727","Cassidy",52,304.076592049059,0,49,645.311797671895,0
"728","Cassidy",52,432.138307664002,0,57,647.280791597159,0
"729","Cassidy",12,558.297860719634,0,58,723.873870635486,0
"730","Cassidy",33,339.773728489731,0,49,704.708552695016,0
"731","Cassidy",46,468.766075388494,0,56,633.452794944888,0
"732","Cassidy",22,672.881215763116,0,49,756.358106422526,0
"733","Cassidy",12,413.915419812727,0,76,646.447835648502,0
"734","Cassidy",15,595.29667014836,0,55,652.742212759017,0
"735","Cassidy",48,445.995999955466,0,58,716.230991375654,0
"736","Cassidy",8,1310.3324260512,0,40,685.353623588129,0
"737","Cassidy",37,502.885480121551,0,49,632.722850154792,0
"738","Cassidy",8,1727.5270450011,0,36,656.914239248512,0
"739","Cassidy",20,381.98818827301,0,52,688.19678196465,0
"740","Cassidy",24,513.302104775382,0,42,759.837709915745,0
"741","Cassidy",26,765.964510796791,0,57,758.360472509856,0
"742","Cassidy",18,605.753525807343,0,51,770.33993031058,0
"743","Cassidy",36,461.940054343915,0,47,776.058668338945,0
"744","Cassidy",22,579.672386903599,0,59,727.40955121052,0
"745","Cassidy",8,838.650071122526,0,41,707.430076904805,0
"746","Cassidy",10,936.343170453143,0,53,803.583923359608,0
"747","Cassidy",6,285.716672542341,0,50,622.309039698535,0
"748","Cassidy",8,173.360407734629,0,54,694.090135219284,0
"749","Cassidy",11,1047.65428885763,0,44,738.540961950506,0
"750","Cassidy",37,467.756060563154,0,53,757.969500284613,0
"751","Cassidy",20,496.296903261516,0,53,674.527377534297,0
"752","Cassidy",24,367.231010347895,0,50,621.789463222787,0
"753","Cassidy",22,238.120569561732,0,49,635.905387492311,0
"754","Cassidy",48,641.962554231509,0,44,861.65043993918,0
"755","Cassidy",42,427.791456140353,0,50,730.034716274636,0
"756","Cassidy",32,635.084592188665,0,42,780.927478685836,0
"757","Cassidy",16,360.974689583738,0,74,738.254402816206,0
"758","Cassidy",22,514.407594652934,0,68,741.122419124923,0
"759","Cassidy",26,378.668804697867,0,66,710.913524576307,0
"760","Cassidy",5,1081.13039724355,0,56,682.851992276905,0
"761","Cassidy",36,560.388738119845,0,52,703.530031735367,0
"762","Cassidy",20,781.139179201737,0,52,745.237485525368,0
"763","Cassidy",30,479.955032940074,0,41,779.179872752646,0
"764","Cassidy",20,608.057782447124,0,61,623.347822851455,0
"765","Cassidy",16,326.088214683126,0,47,672.912484215199,0
"766","Cassidy",14,952.183297871622,0,50,861.854262939719,0
"767","Cassidy",22,428.858912618579,0,49,724.864138311559,0
"768","Cassidy",10,432.531182153418,0,46,745.853083477862,0
"769","Cassidy",34,304.898654990081,0,54,658.32271265321,0
"770","Cassidy",0,NA,0,64,687.413086247247,0
"771","Cassidy",4,1682.63780745503,0,47,687.549409965189,0
"772","Cassidy",30,254.133473075014,0,51,793.106025287348,0
"773","Cassidy",31,487.813352623774,0,60,650.571477580682,0
"774","Cassidy",18,319.311704516501,0,60,634.277933469314,0
"775","Cassidy",18,791.767060634085,0,32,662.086747406968,0
"776","Cassidy",20,645.964049240984,0,53,749.643301236495,0
"777","Cassidy",22,744.00246954046,0,47,690.000843544721,0
"778","Cassidy",16,956.621250552417,0,45,715.483196863896,0
"779","Cassidy",20,1019.66819204515,0,55,739.587406765178,0
"780","Cassidy",12,457.262774456738,0,41,719.987157798136,0
"781","Cassidy",10,246.003890027582,0,54,672.446675906194,0
"782","Cassidy",26,291.381810724975,0,61,646.516938216807,0
"783","Cassidy",30,395.834107797783,0,62,710.709656087216,0
"784","Cassidy",14,556.573260736184,0,61,696.145481069525,0
"785","Cassidy",6,325.075865995152,0,42,823.260610222656,0
"786","Cassidy",12,345.163676744094,0,46,709.63133930895,0
"787","Cassidy",16,796.525872351728,0,46,676.209696791882,0
"788","Cassidy",12,293.212626014005,0,67,666.339997146279,0
"789","Cassidy",10,321.024038434718,0,57,742.20539840694,0
"790","Cassidy",42,415.65159919977,0,41,706.393942075048,0
"791","Cassidy",21,466.526650778174,0,50,700.243325177249,0
"792","Cassidy",23,478.807655174734,0,71,657.783442235353,0
"793","Cassidy",14,642.803092016527,0,58,688.810093019533,0
"794","Cassidy",20,608.643571539051,0,52,797.344763908846,0
"795","Cassidy",38,354.224045920883,0,71,590.355279058602,0
"796","Cassidy",41,796.41069661699,0,65,644.69234863648,0
"797","Cassidy",50,442.282257193741,0,67,755.103579887856,0
"798","Cassidy",38,410.718748172793,0,56,687.524808743429,0
"799","Cassidy",44,529.559515675086,0,66,759.384649157221,0
"800","Cassidy",34,593.587788903429,0,44,799.025848792581,0
"801","Cassidy",38,398.802331878948,0,54,671.97317775243,0
"802","Cassidy",42,527.433030706835,0,60,705.536306696634,0
"803","Cassidy",31,794.018239134698,0,48,720.63446021442,0
"804","Cassidy",12,361.612546996909,0,55,783.388513549651,0
"805","Cassidy",24,667.214457745422,0,53,696.010015677108,0
"806","Cassidy",40,554.42829534778,0,64,649.396232849087,0
"807","Cassidy",44,470.1906090565,0,54,729.584459122452,0
"808","Cassidy",24,441.936663511644,0,42,710.633843373852,0
"809","Cassidy",32,295.62005431932,0,51,610.107269530688,0
"810","Cassidy",21,712.014936207447,0,54,749.717596968756,0
"811","Cassidy",13,1362.76967801519,0,40,718.072292387615,0
"812","Cassidy",56,395.548045493581,0,51,593.764031422612,0
"813","Cassidy",40,677.772733882469,0,44,720.781971477551,0
"814","Cassidy",20,1014.27257848203,0,50,790.930554144041,0
"815","Cassidy",52,436.576005571506,0,42,716.489018222098,0
"816","Cassidy",30,404.364958335907,0,50,681.127797070327,0
"817","Cassidy",28,359.035603570131,0,43,719.07261164304,0
"818","Cassidy",37,495.884029144165,0,65,608.825582490463,0
"819","Cassidy",18,246.134445926189,0,69,708.071679458748,0
"820","Cassidy",34,737.742566971293,0,40,769.238327056722,0
"821","Cassidy",10,1021.14051551768,0,54,733.965626939557,0
"822","Cassidy",24,689.923949694286,0,53,727.741886280134,0
"823","Cassidy",24,909.697333098018,0,46,806.792991804158,0
"824","Cassidy",56,415.762644560506,0,56,643.111026119915,0
"825","Cassidy",20,273.612218985618,0,72,658.183326449349,0
"826","Cassidy",26,578.378710738668,0,49,663.75046492156,0
"827","Cassidy",28,132.263390591497,0,70,682.309473132055,0
"828","Cassidy",20,778.826088542354,0,46,803.391509929041,0
"829","Cassidy",4,1700.49290163365,0,43,735.027150561946,0
"830","Cassidy",8,439.59787585868,0,47,751.642084407534,0
"831","Cassidy",2,659.110120147124,0,42,739.318084129555,0
"832","Cassidy",19,653.615621291643,0,58,687.618176595938,0
"833","Cassidy",16,403.281867534123,0,49,756.175458126119,0
"834","Cassidy",30,621.024782210995,0,36,756.683230679957,0
"835","Cassidy",43,484.668191222918,0,76,563.763134722586,1
"836","Cassidy",24,612.803476997105,0,53,726.700907726177,0
"837","Cassidy",18,184.00020143236,0,65,666.134546272377,0
"838","Cassidy",67,391.598054839481,0,50,587.345938199736,0
"839","Cassidy",20,746.061570605871,0,41,743.716013597638,0
"840","Cassidy",36,440.630825612588,0,54,663.373417851046,0
"841","Cassidy",38,483.447176192258,0,70,680.238765443111,0
"842","Cassidy",21,747.894482794361,0,56,816.800942656914,0
"843","Cassidy",16,615.512117076846,0,40,809.911359565936,0
"844","Cassidy",48,487.17605013236,0,52,728.99660116684,0
"845","Cassidy",42,427.423841710352,0,49,726.258133045166,0
"846","Cassidy",32,434.407347846512,0,56,704.92659156044,0
"847","Cassidy",65,369.386476692933,0,49,732.567214747563,0
"848","Cassidy",36,543.451192967258,0,62,588.084650285216,0
"849","Cassidy",22,705.76016465198,0,62,660.421845689473,0
"850","Cassidy",8,408.382739242317,0,49,744.79777025539,0
"851","Cassidy",16,556.897634110902,0,61,678.238509442845,0
"852","Cassidy",50,536.924559576459,0,57,628.742517959253,0
"853","Cassidy",10,551.213729399704,0,66,726.819493379633,0
"854","Cassidy",18,416.401590976954,0,58,692.527379626617,0
"855","Cassidy",23,462.924784707939,0,56,699.080036710175,0
"856","Cassidy",14,1113.66386525966,0,34,782.498569740831,0
"857","Cassidy",43,479.100392827558,0,42,696.531187098739,0
"858","Cassidy",33,492.442511269319,0,53,720.428800439369,0
"859","Cassidy",8,1373.51782376109,0,66,729.340135620105,0
"860","Cassidy",54,538.218027953021,0,64,721.189815691314,0
"861","Cassidy",26,575.82158558794,0,37,656.650961236778,0
"862","Cassidy",26,174.823895015075,0,66,661.913963168607,0
"863","Cassidy",16,530.72672967766,0,60,687.831009100997,0
"864","Cassidy",20,1092.8561006439,0,48,786.312220004616,0
"865","Cassidy",16,783.516915684539,0,38,773.562817894575,0
"866","Cassidy",22,499.712463393811,0,58,663.762057239923,0
"867","Cassidy",4,930.255208912129,0,58,709.696470015178,0
"868","Cassidy",16,435.60978043053,0,52,726.220377222209,0
"869","Cassidy",52,403.412532514256,0,79,668.213117055972,0
"870","Cassidy",26,377.282337939138,0,61,741.727489951492,0
"871","Cassidy",33,245.290082094259,0,56,648.111090083953,0
"872","Cassidy",26,745.451974905857,0,62,663.0514856174,0
"873","Cassidy",34,613.763239791823,0,52,712.563951102961,0
"874","Cassidy",51,532.277353966962,0,44,573.400199570586,0
"875","Cassidy",36,405.535014636365,0,64,671.686424400914,0
"876","Cassidy",20,287.738905589917,0,65,693.234505982691,0
"877","Cassidy",20,988.549828622845,0,59,661.957429247808,0
"878","Cassidy",18,386.133039842398,0,50,740.146274329795,0
"879","Cassidy",26,535.664067979274,0,37,728.920315870397,0
"880","Cassidy",12,553.031525080208,0,64,689.788359401732,0
"881","Cassidy",20,654.528278070653,0,48,775.117077788702,0
"882","Cassidy",15,1158.74244894978,0,57,672.42798591538,0
"883","Cassidy",28,646.55131728196,0,68,664.781370942077,0
"884","Cassidy",16,568.328071998587,0,38,689.933891763066,0
"885","Cassidy",30,591.15004213457,0,46,691.612403343875,0
"886","Cassidy",16,1059.82079769948,0,57,716.778616297505,0
"887","Cassidy",10,200.625847826678,0,61,702.06785866136,0
"888","Cassidy",24,142.907499113823,0,42,714.570112854586,0
"889","Cassidy",67,794.02968226185,0,57,780.020946686886,0
"890","Cassidy",34,592.392781808865,0,60,676.130898182814,0
"891","Cassidy",38,804.595961349697,0,45,754.81185413533,0
"892","Cassidy",18,347.350238419272,0,36,708.049834273335,0
"893","Cassidy",22,578.155664938303,0,41,693.291125696274,0
"894","Cassidy",20,645.154272468369,0,59,747.102474623226,0
"895","Cassidy",18,639.395797431087,0,57,712.293664243925,0
"896","Cassidy",28,552.070219142839,0,40,724.973914175837,0
"897","Cassidy",35,648.827246441354,0,60,804.434841161016,0
"898","Cassidy",10,776.87743462833,0,63,779.302694426686,0
"899","Cassidy",22,723.326164950443,0,45,798.213373015664,0
"900","Cassidy",8,751.980923282102,0,51,603.127019500645,0
"901","Cassidy",30,365.490966089114,0,59,722.068787809582,0
"902","Cassidy",28,476.174687844312,0,51,685.084860867469,0
"903","Cassidy",12,1033.4207623197,0,47,720.717037943876,0
"904","Cassidy",4,1642.26065661048,0,41,818.021275171398,0
"905","Cassidy",30,407.969722348599,0,61,711.359740106877,0
"906","Cassidy",14,626.713719975056,0,56,746.219631466983,0
"907","Cassidy",15,511.979287172999,0,46,692.976079888924,0
"908","Cassidy",34,511.891932631052,0,45,692.927180208716,0
"909","Cassidy",41,452.932071856012,0,106,609.792265789303,0
"910","Cassidy",19,825.883415407209,0,61,729.871940822575,0
"911","Cassidy",31,466.529838427471,0,43,797.64502053525,0
"912","Cassidy",23,559.390751537476,0,49,633.424099485901,0
"913","Cassidy",14,745.607111900125,0,45,814.56828899732,0
"914","Cassidy",30,560.074275811397,0,39,692.566408650998,0
"915","Cassidy",14,384.896712404738,0,73,695.966740835683,0
"916","Cassidy",34,433.396214586652,0,41,752.794127135996,0
"917","Cassidy",22,428.213106441793,0,45,717.263513857624,0
"918","Cassidy",58,449.34910144053,0,47,642.312693907505,0
"919","Cassidy",54,528.251508803215,0,45,696.268877324547,0
"920","Cassidy",12,1117.88417983066,0,37,757.700188663326,0
"921","Cassidy",24,160.041422121835,0,37,787.101685191443,0
"922","Cassidy",24,226.380051034671,0,72,644.667666677997,0
"923","Cassidy",48,326.490601586829,0,57,639.533569580892,0
"924","Cassidy",13,437.100181650272,0,44,713.648874765007,0
"925","Cassidy",19,385.337908387592,0,52,641.961199627547,0
"926","Cassidy",36,468.145253255417,0,54,831.220405756369,0
"927","Cassidy",22,485.300507751721,0,48,748.293331506457,0
"928","Cassidy",8,735.926029682083,0,40,694.702047875995,0
"929","Cassidy",24,528.014478886055,0,71,652.399156031183,0
"930","Cassidy",48,576.34828124752,0,40,747.882054283987,0
"931","Cassidy",18,140.583134164228,0,58,641.89380049448,0
"932","Cassidy",24,749.653023007063,0,38,652.982130687566,0
"933","Cassidy",6,314.775370524628,0,60,664.210118688467,0
"934","Cassidy",16,756.810759899643,0,66,685.203960083364,0
"935","Cassidy",20,538.847498204058,0,48,724.143533057432,0
"936","Cassidy",14,619.46249856761,0,83,670.976792897392,0
"937","Cassidy",24,413.82078591401,0,63,754.273277890875,0
"938","Cassidy",6,758.178461653604,0,45,728.873559975727,0
"939","Cassidy",30,584.928347245024,0,51,670.211543695797,0
"940","Cassidy",10,160.135381508963,0,61,757.131600244614,0
"941","Cassidy",12,426.700204822731,0,74,711.37862752968,0
"942","Cassidy",32,695.145899385105,0,64,676.304866734921,0
"943","Cassidy",29,364.034571730909,0,57,667.035488864986,0
"944","Cassidy",14,580.62725605037,0,38,904.781475259464,0
"945","Cassidy",7,1640.2263691411,0,43,715.21439845549,0
"946","Cassidy",20,907.1786631944,0,41,833.42237881316,0
"947","Cassidy",30,215.381972620619,0,53,767.531910180786,0
"948","Cassidy",10,1334.52139385131,0,64,714.761226012036,0
"949","Cassidy",50,346.249062985253,0,51,636.064771855189,0
"950","Cassidy",12,1088.61776233479,0,31,749.306625794588,0
"951","Cassidy",10,488.404880905552,0,55,688.31107257704,0
"952","Cassidy",24,766.771761184289,0,50,632.157763832325,0
"953","Cassidy",62,453.320338000264,0,75,610.614212168852,0
"954","Cassidy",47,458.592735747659,0,70,689.868034128748,0
"955","Cassidy",36,525.493167028716,0,50,778.428831505807,0
"956","Cassidy",24,364.890668004165,0,46,683.73202471038,0
"957","Cassidy",20,871.70210266517,0,37,765.32960248549,0
"958","Cassidy",68,464.872986928192,0,62,650.411482548642,0
"959","Cassidy",14,1309.23893162228,0,62,766.972061777117,0
"960","Cassidy",21,422.768020244748,0,60,717.771028383864,0
"961","Cassidy",18,276.215138005853,0,59,636.14941512269,0
"962","Cassidy",21,673.700759727739,0,41,897.723352716794,0
"963","Cassidy",22,571.934491491741,0,52,634.827669454444,0
"964","Cassidy",17,588.181739389535,0,44,646.595441651012,0
"965","Cassidy",14,772.154837381223,0,52,634.697237518498,0
"966","Cassidy",22,665.741774325756,0,50,829.164755300248,0
"967","Cassidy",28,598.020130640622,0,43,665.874875111036,0
"968","Cassidy",12,330.32558754953,0,33,796.344962583404,0
"969","Cassidy",16,497.780913549428,0,78,671.049857886282,0
"970","Cassidy",28,199.923804780281,0,50,693.130323742322,0
"971","Cassidy",14,526.032339980892,0,67,581.908393469569,0
"972","Cassidy",30,617.593897404489,0,66,675.837223924604,0
"973","Cassidy",22,539.8669972227,0,61,628.278614107614,0
"974","Cassidy",12,688.106103805338,0,63,685.34684375595,0
"975","Cassidy",4,1783.33984615834,0,76,701.908493862122,0
"976","Cassidy",60,300.577869510564,0,77,646.19484757624,0
"977","Cassidy",50,577.393739538389,0,46,714.350735357632,0
"978","Cassidy",61,421.591588781235,0,62,653.167401958327,0
"979","Cassidy",39,610.27592523374,0,57,688.003374709506,0
"980","Cassidy",20,291.429040949852,0,66,691.801371205186,0
"981","Cassidy",26,543.316894144052,0,57,726.318383994635,0
"982","Cassidy",24,719.6276052182,0,47,738.896665732215,0
"983","Cassidy",16,944.011559607313,0,64,692.544681535469,0
"984","Cassidy",44,495.472701913148,0,74,711.163636052004,0
"985","Cassidy",34,437.499349483303,0,64,661.810840264868,0
"986","Cassidy",22,760.31782941715,0,62,668.015087027719,0
"987","Cassidy",42,263.949923993149,0,58,630.461824778949,0
"988","Cassidy",23,530.003053745125,0,59,655.528545102097,0
"989","Cassidy",42,271.801449072327,0,52,729.306181963869,0
"990","Cassidy",26,539.269705630426,0,39,620.093255554806,0
"991","Cassidy",46,553.16708450868,0,74,696.229156632672,0
"992","Cassidy",10,360.464984101559,0,51,698.926581145572,0
"993","Cassidy",34,597.698387752501,0,64,644.150890012397,0
"994","Cassidy",22,415.979450179026,0,56,717.331661581668,0
"995","Cassidy",36,343.245799196412,0,67,690.456436794823,0
"996","Cassidy",26,602.878330470323,0,62,716.513461798604,0
"997","Cassidy",24,415.805351771517,0,56,683.727100470513,0
"998","Cassidy",30,347.13172332246,0,64,669.112715224777,0
"999","Cassidy",26,709.692724188822,0,59,705.343591644039,0
"1000","Cassidy",6,111.402835820813,0,51,717.56191431901,0
